In box,DATE_COL,SITE_ID,UNIQUE_ID,LATITUDE,LONGITUDE,TARGET_TAXON,TOTAL,LIFE_STAGE,PHYLUM,CLASS,ORDER,FAMILY,SUBFAMILY,GENUS,FFG,HABIT,COLLECTED_BY,IDENTIFIED_BY,NOTES,,,,,,,,,,
TRUE,2023-05-16,MSHN_2,PSU_VP_001,40.93583,-78.032284,Gerris,1,Adult,Arthropoda,Insecta,Hemiptera,Gerridae,Gerrinae,Gerris,PRED,,M. Ward,M. Ward,,,,,,,,,,,
FALSE,2023-05-16,MSHN_2,PSU_VP_002,40.93583,-78.032284,Acilius,1,Adult,Arthropoda,Insecta,Coleoptera,Dytiscidae,Dytiscinae,Acilius,PRED,,M. Ward,M. Ward,,,,,,,,,,,
TRUE,2023-05-17,BDEG_3,PSU_VP_003,40.80368,-77.499264,Ilybius,1,Adult,Arthropoda,Insecta,Coleoptera,Dytiscidae,Agabinae,Ilybius,PRED,,M. Ward,M. Ward,,,,,,,,,,,
TRUE,2023-05-17,BDEG_3,PSU_VP_004,40.80368,-77.499264,Chauliodes,1,Larvae,Arthropoda,Insecta,Megaloptera,Corydalidae,Chauliodinae,Chauliodes,PRED,,M. Ward,M. Ward,,,,,,,,,,,
TRUE,2023-05-22,SPRL_3,PSU_VP_005,41.15978,-77.899456,Corydalidae,1,Larvae,Arthropoda,Insecta,Megaloptera,Corydalidae,Chauliodinae,Chauliodes,PRED,,M. Ward,M. Ward,,,,,,,,,,,
TRUE,2023-05-22,SPRL_3,PSU_VP_006,41.15978,-77.899456,Corydalidae,1,Larvae,Arthropoda,Insecta,Megaloptera,Corydalidae,Chauliodinae,Chauliodes,PRED,,M. Ward,M. Ward,,,,,,,,,,,
TRUE,2023-05-17,BDEG_2,PSU_VP_007,40.80081,-77.506195,Chauliodes,1,Larvae,Arthropoda,Insecta,Megaloptera,Corydalidae,Chauliodinae,Chauliodes,PRED,,M.Ward,M. Ward,,,,,,,,,,,
TRUE,2023-05-17,BDEG_2,PSU_VP_008,40.80081,-77.506195,Chauliodes,1,Larvae,Arthropoda,Insecta,Megaloptera,Corydalidae,Chauliodinae,Chauliodes,PRED,,M.Ward,M. Ward,,,,,,,,,,,
TRUE,2023-05-23,MSHN_2,PSU_VP_009,40.93583,-78.032284,Ranatra,1,Adult,Arthropoda,Insecta,Hemiptera,Nepidae,Ranatrinae,Ranatra,PRED,,M. Ward,M. Ward,,,,,,,,,,,
TRUE,2023-05-24,BDEG_3,PSU_VP_010,40.80368,-77.499264,Chauliodes,1,Larvae,Arthropoda,Insecta,Megaloptera,Corydalidae,Chauliodinae,Chauliodes,PRED,,M.Ward,M. Ward,,,,,,,,,,,
TRUE,2023-05-24,BDEG_3,PSU_VP_011,40.80368,-77.499264,Ilybius,1,Adult,Arthropoda,Insecta,Coleoptera,Dytiscidae,Agabinae,Ilybius,PRED,,M.Ward,M. Ward,one of them had mites,,,,,,,,,,
TRUE,2023-05-24,BDEG_3,PSU_VP_012,40.80368,-77.499264,Ilybius,1,Adult,Arthropoda,Insecta,Coleoptera,Dytiscidae,Agabinae,Ilybius,PRED,,M.Ward,M. Ward,,,,,,,,,,,
TRUE,2023-05-23,MSHN_2,PSU_VP_013,40.93583,-78.032284,Dytiscus,1,Larvae,Arthropoda,Insecta,Coleoptera,Dytiscidae,Dytiscinae,Dytiscus,PRED,,M.Ward,M. Ward,,,,,,,,,,,
TRUE,2023-05-16,MSHN_2,PSU_VP_014,40.93583,-78.032284,Dytiscus,1,Larvae,Arthropoda,Insecta,Coleoptera,Dytiscidae,Dytiscinae,Dytiscus,PRED,,M. Ward,M. Ward,,,,,,,,,,,
TRUE,2023-05-16,MSHN_1,PSU_VP_015,40.84595,-78.097878,Brychius,1,Adult,Arthropoda,Insecta,Coleoptera,Haliplidae,,Brychius,,,M. Ward,M. Ward,,,,,,,,,,,
TRUE,2023-05-22,SPRL_3,PSU_VP_016,41.15978,-77.899456,Aeshna,1,Larvae,Arthropoda,Insecta,Odonata,Aeshnidae,,Aeshna,PRED,,M. Ward,M. Ward,,,,,,,,,,,
TRUE,2023-05-16,MSHN_2,PSU_VP_017,40.93583,-78.032284,Hydroporinae,1,Larvae,Arthropoda,Insecta,Coleoptera,Dytiscidae,Hydroporinae,,,,M. Ward,M. Ward,,,,,,,,,,,
TRUE,2023-05-24,BDEG_3,PSU_VP_018,40.80368,-77.499264,Aedes,1,Larvae,Arthropoda,Insecta,Diptera,Culicidae,Culicinae,Aedes,,,M.Ward,M. Ward,,,,,,,,,,,
TRUE,2023-05-16,MSHN_1,PSU_VP_019,40.84595,-78.097878,Aeshna,1,Naiad,Arthropoda,Insecta,Odonata,Aeshnidae,,Aeshna,,,M. Ward,M. Ward,,,,,,,,,,,
TRUE,2023-05-23,MSHN_2,PSU_VP_020,40.93583,-78.032284,Lesteva,1,Adult,Arthropoda,Insecta,Coleoptera,Staphylinidae,Omaliinae,Lesteva,,,M. Ward,M. Ward,,,,,,,,,,,
TRUE,2023-05-23,MSHN_2,PSU_VP_021,40.93583,-78.032284,Lesteva,1,Adult,Arthropoda,Insecta,Coleoptera,Staphylinidae,Omaliinae,Lesteva,,,M. Ward,M. Ward,,,,,,,,,,,
TRUE,2023-05-24,BDEG_2,PSU_VP_022,40.80081,-77.506195,Aedes,1,Larvae,Arthropoda,Insecta,Diptera,Culicidae,Culicinae,Aedes,,,M.Ward,M. Ward,,,,,,,,,,,
TRUE,2023-05-23,MSHN_1,PSU_VP_023,40.84595,-78.097878,Agabinae,1,Larvae,Arthropoda,Insecta,Coleoptera,Dytiscidae,Agabinae,,,,M.Ward,M. Ward,could be 4 different genera,,,,,,,,,,
TRUE,2023-05-23,MSHN_1,PSU_VP_024,40.84595,-78.097878,Aedes,1,Larvae,Arthropoda,Insecta,Diptera,Culicidae,Culicinae,Aedes,,,M.Ward,M. Ward,,,,,,,,,,,
TRUE,2023-05-23,MSHN_1,PSU_VP_025,40.84595,-78.097878,Aedes,1,Larvae,Arthropoda,Insecta,Diptera,Culicidae,Culicinae,Aedes,,,M.Ward,M. Ward,,,,,,,,,,,
TRUE,2023-05-24,BDEG_3,PSU_VP_026,40.80368,-77.499264,Hydroporinae,1,Larvae,Arthropoda,Insecta,Coleoptera,Dytiscidae,Hydroporinae,,,,M. Ward,M. Ward,,,,,,,,,,,
TRUE,2023-05-22,SPRL_3,PSU_VP_027,41.15978,-77.899456,Liodessus,1,Adult,Arthropoda,Insecta,Coleoptera,Dytiscidae,Hydroporinae,Liodessus,,,M.Ward,M. Ward,,,,,,,,,,,
TRUE,2023-05-23,SPRL_3,PSU_VP_028,41.15978,-77.899456,Liodessus,1,Adult,Arthropoda,Insecta,Coleoptera,Dytiscidae,Hydroporinae,Liodessus,,,M.Ward,M. Ward,,,,,,,,,,,
TRUE,2023-05-22,SPRL_3,PSU_VP_029,41.15978,-77.899456,Liodessus,1,Adult,Arthropoda,Insecta,Coleoptera,Dytiscidae,Hydroporinae,Liodessus,,,M.Ward,M. Ward,,,,,,,,,,,
TRUE,2023-05-22,SPRL_3,PSU_VP_030,41.15978,-77.899456,Liodessus,1,Adult,Arthropoda,Insecta,Coleoptera,Dytiscidae,Hydroporinae,Liodessus,,,M.Ward,M. Ward,,,,,,,,,,,
TRUE,2023-05-22,SPRL_3,PSU_VP_031,41.15978,-77.899456,Enochrus,1,Adult,Arthropoda,Insecta,Coleoptera,Hydrophilidae,Enochrinae,Enochrus,,,M.Ward,M. Ward,,,,,,,,,,,
TRUE,2023-05-22,SPRL_3,PSU_VP_032,41.15978,-77.899456,Enochrus,1,Adult,Arthropoda,Insecta,Coleoptera,Hydrophilidae,Enochrinae,Enochrus,,,M.Ward,M. Ward,,,,,,,,,,,
TRUE,2023-05-22,SPRL_3,PSU_VP_033,41.15978,-77.899456,Enochrus,1,Adult,Arthropoda,Insecta,Coleoptera,Hydrophilidae,Enochrinae,Enochrus,,,M.Ward,M. Ward,,,,,,,,,,,
TRUE,2023-05-22,SPRL_3,PSU_VP_034,41.15978,-77.899456,Enochrus,1,Adult,Arthropoda,Insecta,Coleoptera,Hydrophilidae,Enochrinae,Enochrus,,,M.Ward,M. Ward,,,,,,,,,,,
TRUE,2023-05-22,SPRL_3,PSU_VP_035,41.15978,-77.899456,Liodessus,1,Adult,Arthropoda,Insecta,Coleoptera,Dytiscidae,Hydroporinae,Liodessus,,,M.Ward,M. Ward,,,,,,,,,,,
TRUE,2023-05-22,SPRL_3,PSU_VP_036,41.15978,-77.899456,Enochrus,1,Adult,Arthropoda,Insecta,Coleoptera,Hydrophilidae,Enochrinae,Enochrus,,,M.Ward,M. Ward,,,,,,,,,,,
TRUE,2023-05-22,SPRL_3,PSU_VP_037,41.15978,-77.899456,Liodessus,1,Adult,Arthropoda,Insecta,Coleoptera,Dytiscidae,Hydroporinae,Liodessus,,,M.Ward,M. Ward,,,,,,,,,,,
TRUE,2023-05-24,BDEG_3,PSU_VP_038,40.80368,-77.499264,Sminthurus,1,Adult,Arthropoda,Entognatha,Collembola,Sminthuridae,,Sminthurus,,,M. Ward,M. Ward,,,,,,,,,,,
TRUE,2023-05-24,BDEG_3,PSU_VP_039,40.80368,-77.499264,Sminthurus,1,Adult,Arthropoda,Entognatha,Collembola,Sminthuridae,,Sminthurus,,,M. Ward,M. Ward,,,,,,,,,,,
TRUE,2023-05-17,BDEG_3,PSU_VP_040,40.80368,-77.499264,Sminthurus,1,Adult,Arthropoda,Entognatha,Collembola,Sminthuridae,,Sminthurus,,,M. Ward,M. Ward,,,,,,,,,,,
TRUE,2023-05-22,SPRL_3,PSU_VP_041,41.15978,-77.899456,Liodessus,1,Adult,Arthropoda,Insecta,Coleoptera,Dytiscidae,Hydroporinae,Liodessus,,,M.Ward,M. Ward,,,,,,,,,,,
TRUE,2023-05-23,MSHN_1,PSU_VP_042,40.84595,-78.097878,Acilius,1,Adult,Arthropoda,Insecta,Coleoptera,Dytiscidae,Dytiscinae,Acilius,,,M.Ward,M. Ward,,,,,,,,,,,
TRUE,2023-05-22,SPRL_3,PSU_VP_043,41.15978,-77.899456,Aedes,1,Larvae,Arthropoda,Insecta,Diptera,Culicidae,Culicinae,Aedes,,,M. Ward,M. Ward,,,,,,,,,,,
TRUE,2023-05-22,SPRL_3,PSU_VP_044,41.15978,-77.899456,Aedes,1,Larvae,Arthropoda,Insecta,Diptera,Culicidae,Culicinae,Aedes,,,M. Ward,M. Ward,,,,,,,,,,,
TRUE,2023-05-22,SPRL_3,PSU_VP_045,41.15978,-77.899456,Aedes,1,Larvae,Arthropoda,Insecta,Diptera,Culicidae,Culicinae,Aedes,,,M. Ward,M. Ward,,,,,,,,,,,
TRUE,2023-05-16,MSHN_2,PSU_VP_046,40.93583,-78.032284,Neoporus,1,Adult,Arthropoda,Insecta,Coleoptera,Dytiscidae,Hydroporinae,Neoporus,,,M. Ward,M. Ward,,,,,,,,,,,
TRUE,2023-05-16,MSHN_2,PSU_VP_047,40.93583,-78.032284,Enochrus,1,Adult,Arthropoda,Insecta,Coleoptera,Hydrophilidae,Enochrinae,Enochrus,,,M. Ward,M. Ward,,,,,,,,,,,
TRUE,2023-05-16,MSHN_3,PSU_VP_048,40.94993,-78.002096,Limnephilus,1,Larvae,Arthropoda,Insecta,Trichoptera,Limnephilidae,Limnephilinae,Limnephilus,,,M. Ward,M. Ward,,,,,,,,,,,
TRUE,2023-05-16,MSHN_1,PSU_VP_049,40.84595,-78.097878,Neoporus,1,Adult,Arthropoda,Insecta,Coleoptera,Dytiscidae,Hydroporinae,Neoporus,,,M. Ward,M. Ward,,,,,,,,,,,
TRUE,2023-05-16,MSHN_1,PSU_VP_050,40.84595,-78.097878,Hydroporus,1,Adult,Arthropoda,Insecta,Coleoptera,Dytiscidae,Hydroporinae,Hydroporus,,,M.Ward,M. Ward,,,,,,,,,,,
TRUE,2023-05-16,MSHN_1,PSU_VP_051,40.84595,-78.097878,Chaoboridae,1,Pupa,Arthropoda,Insecta,Diptera,Chaoboridae,,,,,M. Ward,M. Ward,,,,,,,,,,,
TRUE,2023-05-16,MSHN_1,PSU_VP_052,40.84595,-78.097878,Diptera,1,Pupa,Arthropoda,Insecta,Diptera,,,,,,M. Ward,M. Ward,,,,,,,,,,,
TRUE,2023-05-16,MSHN_1,PSU_VP_053,40.84595,-78.097878,Aedes,1,Larvae,Arthropoda,Insecta,Diptera,Culicidae,Culicinae,Aedes,,,M. Ward,M. Ward,,,,,,,,,,,
TRUE,2023-05-16,MSHN_1,PSU_VP_054,40.84595,-78.097878,Aedes,1,Larvae,Arthropoda,Insecta,Diptera,Culicidae,Culicinae,Aedes,,,M. Ward,M. Ward,,,,,,,,,,,
TRUE,2023-05-16,MSHN_1,PSU_VP_055,40.84595,-78.097878,Aedes,1,Larvae,Arthropoda,Insecta,Diptera,Culicidae,Culicinae,Aedes,,,M. Ward,M. Ward,,,,,,,,,,,
TRUE,2023-05-16,MSHN_1,PSU_VP_056,40.84595,-78.097878,Diptera,1,Larvae,Arthropoda,Insecta,Diptera,,,,,,M. Ward,M. Ward,,,,,,,,,,,
TRUE,2023-05-16,MSHN_1,PSU_VP_057,40.84595,-78.097878,Aedes,1,Larvae,Arthropoda,Insecta,Diptera,Culicidae,Culicinae,Aedes,,,M. Ward,M. Ward,,,,,,,,,,,
TRUE,2023-05-16,MSHN_1,PSU_VP_058,40.84595,-78.097878,Aedes,1,Larvae,Arthropoda,Insecta,Diptera,Culicidae,Culicinae,Aedes,,,M. Ward,M. Ward,,,,,,,,,,,
TRUE,2023-05-16,MSHN_1,PSU_VP_059,40.84595,-78.097878,Diptera,1,Pupa,Arthropoda,Insecta,Diptera,,,,,,M. Ward,M. Ward,,,,,,,,,,,
TRUE,2023-05-16,MSHN_1,PSU_VP_060,40.84595,-78.097878,Diptera,1,Pupa,Arthropoda,Insecta,Diptera,,,,,,M. Ward,M. Ward,,,,,,,,,,,
TRUE,2023-05-16,MSHN_1,PSU_VP_061,40.84595,-78.097878,Gerris,1,Larvae,Arthropoda,Insecta,Hemiptera,Gerridae,,Gerris,,,M. Ward,M. Ward,,,,,,,,,,,
TRUE,2023-05-23,MSHN_1,PSU_VP_062,40.84595,-78.097878,Neoporus,1,Adult,Arthropoda,Insecta,Coleoptera,Dytiscidae,Hydroporinae,Neoporus,,,M.Ward,M. Ward,not sure that this is dytiscidae,,,,,,,,,,
TRUE,2023-05-17,BDEG_2,PSU_VP_063,40.80081,-77.506195,Enochrus,1,Adult,Arthropoda,Insecta,Coleoptera,Hydrophilidae,Enochrinae,Enochrus,,,M.Ward,M. Ward,,,,,,,,,,,
TRUE,2023-05-23,MSHN_2,PSU_VP_064,40.93583,-78.032284,Acilius,1,Adult,Arthropoda,Insecta,Coleoptera,Dytiscidae,Dytiscinae,Acilius,,,M. Ward,M. Ward,,,,,,,,,,,
TRUE,2023-05-23,MSHN_2,PSU_VP_065,40.93583,-78.032284,Neoporus,1,Adult,Arthropoda,Insecta,Coleoptera,Dytiscidae,Hydroporinae,Neoporus,,,M. Ward,M. Ward,,,,,,,,,,,
TRUE,2023-05-23,MSHN_2,PSU_VP_066,40.93583,-78.032284,Laccophilus,1,Adult,Arthropoda,Insecta,Coleoptera,Dytiscidae,Laccophilinae,Laccophilus,,,M. Ward,M. Ward,,,,,,,,,,,
TRUE,2023-05-24,BDEG_3,PSU_VP_067,40.80368,-77.499264,Gerridae,1,Nymph,Arthropoda,Insecta,Hemiptera,Gerridae,,,,,M. Ward,M. Ward,,,,,,,,,,,
TRUE,2023-05-24,BDEG_3,PSU_VP_068,40.80368,-77.499264,Gerridae,1,Nymph,Arthropoda,Insecta,Hemiptera,Gerridae,,,,,M. Ward,M. Ward,,,,,,,,,,,
TRUE,2023-05-16,MSHN_1,PSU_VP_069,40.84595,-78.097878,Laccophilus,1,Adult,Arthropoda,Insecta,Coleoptera,Dytiscidae,Laccophilinae,Laccophilus,,,M. Ward,M. Ward,,,,,,,,,,,
TRUE,2023-05-23,MSHN_2,PSU_VP_070,40.93583,-78.032284,Boyeria,1,Naiad,Arthropoda,Insecta,Odonata,Aeshnidae,,Boyeria,,,M.Ward,M. Ward,,,,,,,,,,,
TRUE,2023-05-23,MSHN_2,PSU_VP_071,40.93583,-78.032284,Aeshna,1,Naiad,Arthropoda,Insecta,Odonata,Aeshnidae,,Aeshna,,,M.Ward,M. Ward,,,,,,,,,,,
TRUE,2023-05-23,MSHN_1,PSU_VP_072,40.84595,-78.097878,Hirudinea,1,Adult,Arthropoda,Clitellata,Hirudinea,,,,,,M.Ward,M. Ward,i think they are two different families,,,,,,,,,,
TRUE,2023-05-23,MSHN_1,PSU_VP_073,40.84595,-78.097878,Hirudinea,1,Adult,Arthropoda,Clitellata,Hirudinea,,,,,,M.Ward,M. Ward,,,,,,,,,,,
TRUE,2023-05-16,MSHN_1,PSU_VP_074,40.84595,-78.097878,Dytiscus,1,Larvae,Arthropoda,Insecta,Coleoptera,Dytiscidae,Dytiscinae,Dytiscus,,,M. Ward,M. Ward,,,,,,,,,,,
TRUE,2023-05-16,MSHN_2,PSU_VP_075,40.93583,-78.032284,Aeshna,1,Larvae,Arthropoda,Insecta,Odonata,Aeshnidae,,Aeshna,,,M. Ward,M. Ward,,,,,,,,,,,
TRUE,2023-05-16,MSHN_2,PSU_VP_076,40.93583,-78.032284,Aeshna,1,Larvae,Arthropoda,Insecta,Odonata,Aeshnidae,,Aeshna,,,M. Ward,M. Ward,,,,,,,,,,,
TRUE,2023-05-16,MSHN_2,PSU_VP_077,40.93583,-78.032284,Enochrus,1,Adult,Arthropoda,Insecta,Coleoptera,Hydrophilidae,Enochrinae,Enochrus,,,M. Ward,M. Ward,,,,,,,,,,,
TRUE,2023-05-16,MSHN_2,PSU_VP_078,40.93583,-78.032284,Enochrus,1,Adult,Arthropoda,Insecta,Coleoptera,Hydrophilidae,Enochrinae,Enochrus,,,M. Ward,M. Ward,,,,,,,,,,,
TRUE,2023-05-16,MSHN_2,PSU_VP_079,40.93583,-78.032284,Enochrus,1,Adult,Arthropoda,Insecta,Coleoptera,Hydrophilidae,Enochrinae,Enochrus,,,M. Ward,M. Ward,,,,,,,,,,,
TRUE,2023-05-23,MSHN_2,PSU_VP_080,40.93583,-78.032284,Culex,1,Larvae,Arthropoda,Insecta,Diptera,Culicidae,Culicinae,Culex,,,M. Ward,M. Ward,,,,,,,,,,,
TRUE,2023-05-23,MSHN_2,PSU_VP_081,40.93583,-78.032284,Culex,1,Larvae,Arthropoda,Insecta,Diptera,Culicidae,Culicinae,Culex,,,M. Ward,M. Ward,,,,,,,,,,,
TRUE,2023-05-23,MSHN_2,PSU_VP_082,40.93583,-78.032284,Culex,1,Larvae,Arthropoda,Insecta,Diptera,Culicidae,Culicinae,Culex,,,M. Ward,M. Ward,,,,,,,,,,,
TRUE,2023-05-23,MSHN_2,PSU_VP_083,40.93583,-78.032284,Culex,1,Larvae,Arthropoda,Insecta,Diptera,Culicidae,Culicinae,Culex,,,M. Ward,M. Ward,,,,,,,,,,,
TRUE,2023-05-16,MSHN_1,PSU_VP_084,40.84595,-78.097878,Acilius,1,Adult,Arthropoda,Insecta,Coleoptera,Dytiscidae,Dytiscinae,Acilius,,,M. Ward,M. Ward,,,,,,,,,,,
TRUE,2023-05-23,MSHN_2,PSU_VP_085,40.93583,-78.032284,Gerris,1,Adult,Arthropoda,Insecta,Hemiptera,Gerridae,Gerrinae,Gerris,,,M. Ward,M. Ward,,,,,,,,,,,
TRUE,2023-05-23,MSHN_2,PSU_VP_086,40.93583,-78.032284,Gerris,1,Adult,Arthropoda,Insecta,Hemiptera,Gerridae,Gerrinae,Gerris,,,M. Ward,M. Ward,,,,,,,,,,,
TRUE,2023-05-23,MSHN_2,PSU_VP_087,40.93583,-78.032284,Hydroporus,1,Larvae,Arthropoda,Insecta,Coleoptera,Dytiscidae,Hydroporinae,Hydroporus,,,M. Ward,M. Ward,,,,,,,,,,,
TRUE,2023-05-17,BDEG_2,PSU_VP_088,40.80081,-77.506195,Sminthurus,1,Adult,Arthropoda,Entognatha,Collembola,Sminthuridae,,Sminthurus,,,M. Ward,M. Ward,,,,,,,,,,,
TRUE,2023-05-22,SPRL_3,PSU_VP_089,41.15978,-77.899456,Sminthurus,1,Adult,Arthropoda,Entognatha,Collembola,Sminthuridae,,Sminthurus,,,M. Ward,M. Ward,,,,,,,,,,,
TRUE,2023-05-22,SPRL_3,PSU_VP_090,41.15978,-77.899456,Sminthurus,1,Adult,Arthropoda,Entognatha,Collembola,Sminthuridae,,Sminthurus,,,M. Ward,M. Ward,,,,,,,,,,,
TRUE,2023-05-17,BDEG_3,PSU_VP_091,40.80368,-77.499264,Aeshna,1,Naiad,Arthropoda,Insecta,Odonata,Aeshnidae,,Aeshna,,,M. Ward,M. Ward,,,,,,,,,,,
TRUE,2023-05-17,BDEG_3,PSU_VP_092,40.80368,-77.499264,Aeshna,1,Naiad,Arthropoda,Insecta,Odonata,Aeshnidae,,Aeshna,,,M. Ward,M. Ward,,,,,,,,,,,
TRUE,2023-05-17,BDEG_3,PSU_VP_093,40.80368,-77.499264,Aeshna,1,Naiad,Arthropoda,Insecta,Odonata,Aeshnidae,,Aeshna,,,M. Ward,M. Ward,,,,,,,,,,,
TRUE,2023-05-17,BDEG_3,PSU_VP_094,40.80368,-77.499264,Aeshna,1,Naiad,Arthropoda,Insecta,Odonata,Aeshnidae,,Aeshna,,,M. Ward,M. Ward,,,,,,,,,,,
TRUE,2023-05-24,BDEG_3,PSU_VP_095,40.80368,-77.499264,Aeshna,1,Larvae,Arthropoda,Insecta,Odonata,Aeshnidae,,Aeshna,,,M.Ward,M. Ward,,,,,,,,,,,
TRUE,2023-05-24,BDEG_2,PSU_VP_096,40.80081,-77.506195,Aeshna,1,Naiad,Arthropoda,Insecta,Odonata,Aeshnidae,,Aeshna,,,M.Ward,M. Ward,,,,,,,,,,,
TRUE,2023-05-24,BDEG_2,PSU_VP_097,40.80081,-77.506195,Aeshna,1,Larvae,Arthropoda,Insecta,Odonata,Aeshnidae,,Aeshna,,,M.Ward,M. Ward,,,,,,,,,,,
TRUE,2023-05-17,BDEG_2,PSU_VP_098,40.80081,-77.506195,Aeshna,1,Larvae,Arthropoda,Insecta,Odonata,Aeshnidae,,Aeshna,,,M.Ward,M. Ward,,,,,,,,,,,
TRUE,2023-05-17,BDEG_2,PSU_VP_099,40.80081,-77.506195,Aeshna,1,Larvae,Arthropoda,Insecta,Odonata,Aeshnidae,,Aeshna,,,M.Ward,M. Ward,,,,,,,,,,,
TRUE,2023-05-17,BDEG_2,PSU_VP_100,40.80081,-77.506195,Aeshna,1,Larvae,Arthropoda,Insecta,Odonata,Aeshnidae,,Aeshna,,,M.Ward,M. Ward,,,,,,,,,,,
TRUE,2023-05-17,BDEG_2,PSU_VP_101,40.80081,-77.506195,Aeshna,1,Larvae,Arthropoda,Insecta,Odonata,Aeshnidae,,Aeshna,,,M.Ward,M. Ward,,,,,,,,,,,
TRUE,2023-05-16,MSHN_3,PSU_VP_102,40.94993,-78.002096,Aedes,1,Larvae,Arthropoda,Insecta,Diptera,Culicidae,Culicinae,Aedes,,,M. Ward,M. Ward,,,,,,,,,,,
TRUE,2023-05-16,MSHN_3,PSU_VP_103,40.94993,-78.002096,Chaoboridae,1,Pupa,Arthropoda,Insecta,Diptera,Chaoboridae,,,,,M. Ward,M. Ward,,,,,,,,,,,
TRUE,2023-05-16,MSHN_3,PSU_VP_104,40.94993,-78.002096,Aedes,1,Larvae,Arthropoda,Insecta,Diptera,Culicidae,Culicinae,Aedes,,,M. Ward,M. Ward,,,,,,,,,,,
TRUE,2023-05-16,MSHN_3,PSU_VP_105,40.94993,-78.002096,Aedes,1,Larvae,Arthropoda,Insecta,Diptera,Culicidae,Culicinae,Aedes,,,M. Ward,M. Ward,,,,,,,,,,,
TRUE,2023-05-16,MSHN_3,PSU_VP_106,40.94993,-78.002096,Aedes,1,Larvae,Arthropoda,Insecta,Diptera,Culicidae,Culicinae,Aedes,,,M. Ward,M. Ward,,,,,,,,,,,
TRUE,2023-05-16,MSHN_3,PSU_VP_107,40.94993,-78.002096,Aedes,1,Larvae,Arthropoda,Insecta,Diptera,Culicidae,Culicinae,Aedes,,,M. Ward,M. Ward,,,,,,,,,,,
TRUE,2023-05-16,MSHN_3,PSU_VP_108,40.94993,-78.002096,Aedes,1,Larvae,Arthropoda,Insecta,Diptera,Culicidae,Culicinae,Aedes,,,M. Ward,M. Ward,,,,,,,,,,,
TRUE,2023-05-16,MSHN_3,PSU_VP_109,40.94993,-78.002096,Aedes,1,Larvae,Arthropoda,Insecta,Diptera,Culicidae,Culicinae,Aedes,,,M. Ward,M. Ward,,,,,,,,,,,
TRUE,2023-05-16,MSHN_3,PSU_VP_111,40.94993,-78.002096,Limnephilus,1,Larvae,Arthropoda,Insecta,Trichoptera,Limnephilidae,Limnephilinae,Limnephilus,,,M. Ward,M. Ward,,,,,,,,,,,
TRUE,2023-05-16,MSHN_2,PSU_VP_112,40.93583,-78.032284,Limnephilus,1,Larvae,Arthropoda,Insecta,Trichoptera,Limnephilidae,Limnephilinae,Limnephilus,,,M. Ward,M. Ward,,,,,,,,,,,
TRUE,2023-05-16,MSHN_1,PSU_VP_113,40.84595,-78.097878,Limnephilus,1,Larvae,Arthropoda,Insecta,Trichoptera,Limnephilidae,Limnephilinae,Limnephilus,,,M. Ward,M. Ward,,,,,,,,,,,
TRUE,2023-05-16,MSHN_1,PSU_VP_114,40.84595,-78.097878,Limnephilus,1,Larvae,Arthropoda,Insecta,Trichoptera,Limnephilidae,Limnephilinae,Limnephilus,,,M. Ward,M. Ward,,,,,,,,,,,
TRUE,2023-05-16,MSHN_2,PSU_VP_115,40.93583,-78.032284,Hydroporinae,1,Larvae,Arthropoda,Insecta,Coleoptera,Dytiscidae,Hydroporinae,,,,M. Ward,M. Ward,,,,,,,,,,,
TRUE,2023-05-16,MSHN_2,PSU_VP_116,40.93583,-78.032284,Limnephiloidea,1,Pupa,Arthropoda,Insecta,Trichoptera,,,,,,M. Ward,M. Ward,PUPAL CASE,,,,,,,,,,
TRUE,2023-05-16,MSHN_2,PSU_VP_117,40.93583,-78.032284,Limnephilus,1,Larvae,Arthropoda,Insecta,Trichoptera,Limnephilidae,Limnephilinae,Limnephilus,,,M. Ward,M. Ward,,,,,,,,,,,
TRUE,2023-05-16,MSHN_2,PSU_VP_118,40.93583,-78.032284,Limnephilus,1,Larvae,Arthropoda,Insecta,Trichoptera,Limnephilidae,Limnephilinae,Limnephilus,,,M. Ward,M. Ward,,,,,,,,,,,
TRUE,2023-05-16,MSHN_2,PSU_VP_119,40.93583,-78.032284,Limnephilus,1,Larvae,Arthropoda,Insecta,Trichoptera,Limnephilidae,Limnephilinae,Limnephilus,,,M. Ward,M. Ward,,,,,,,,,,,
TRUE,2023-05-16,MSHN_2,PSU_VP_120,40.93583,-78.032284,Limnephilus,1,Larvae,Arthropoda,Insecta,Trichoptera,Limnephilidae,Limnephilinae,Limnephilus,,,M. Ward,M. Ward,,,,,,,,,,,
TRUE,2023-05-16,MSHN_3,PSU_VP_121,40.94993,-78.002096,Limnephilus,1,Larvae,Arthropoda,Insecta,Trichoptera,Limnephilidae,Limnephilinae,Limnephilus,,,M. Ward,M. Ward,,,,,,,,,,,
TRUE,2023-05-16,MSHN_3,PSU_VP_122,40.94993,-78.002096,Limnephilus,1,Larvae,Arthropoda,Insecta,Trichoptera,Limnephilidae,Limnephilinae,Limnephilus,,,M. Ward,M. Ward,,,,,,,,,,,
TRUE,2023-05-16,MSHN_3,PSU_VP_123,40.94993,-78.002096,Limnephilus,1,Larvae,Arthropoda,Insecta,Trichoptera,Limnephilidae,Limnephilinae,Limnephilus,,,M. Ward,M. Ward,,,,,,,,,,,
TRUE,2023-05-16,MSHN_3,PSU_VP_124,40.94993,-78.002096,Limnephilus,1,Larvae,Arthropoda,Insecta,Trichoptera,Limnephilidae,Limnephilinae,Limnephilus,,,M. Ward,M. Ward,,,,,,,,,,,
TRUE,2023-05-16,MSHN_3,PSU_VP_125,40.94993,-78.002096,Limnephilus,1,Larvae,Arthropoda,Insecta,Trichoptera,Limnephilidae,Limnephilinae,Limnephilus,,,M. Ward,M. Ward,,,,,,,,,,,
TRUE,2023-05-16,MSHN_3,PSU_VP_126,40.94993,-78.002096,Limnephilus,1,Larvae,Arthropoda,Insecta,Trichoptera,Limnephilidae,Limnephilinae,Limnephilus,,,M. Ward,M. Ward,,,,,,,,,,,
TRUE,2023-05-16,MSHN_3,PSU_VP_127,40.94993,-78.002096,Limnephilus,1,Larvae,Arthropoda,Insecta,Trichoptera,Limnephilidae,Limnephilinae,Limnephilus,,,M. Ward,M. Ward,,,,,,,,,,,
TRUE,2023-05-16,MSHN_3,PSU_VP_128,40.94993,-78.002096,Limnephilus,1,Larvae,Arthropoda,Insecta,Trichoptera,Limnephilidae,Limnephilinae,Limnephilus,,,M. Ward,M. Ward,,,,,,,,,,,
TRUE,2023-05-16,MSHN_3,PSU_VP_129,40.94993,-78.002096,Limnephilus,1,Larvae,Arthropoda,Insecta,Trichoptera,Limnephilidae,Limnephilinae,Limnephilus,,,M. Ward,M. Ward,,,,,,,,,,,
TRUE,2023-05-16,MSHN_3,PSU_VP_130,40.94993,-78.002096,Limnephilus,1,Larvae,Arthropoda,Insecta,Trichoptera,Limnephilidae,Limnephilinae,Limnephilus,,,M. Ward,M. Ward,,,,,,,,,,,
TRUE,2023-05-16,MSHN_3,PSU_VP_131,40.94993,-78.002096,Limnephilus,1,Larvae,Arthropoda,Insecta,Trichoptera,Limnephilidae,Limnephilinae,Limnephilus,,,M. Ward,M. Ward,,,,,,,,,,,
TRUE,2023-05-16,MSHN_3,PSU_VP_132,40.94993,-78.002096,Limnephilus,1,Larvae,Arthropoda,Insecta,Trichoptera,Limnephilidae,Limnephilinae,Limnephilus,,,M. Ward,M. Ward,,,,,,,,,,,
TRUE,2023-05-16,MSHN_3,PSU_VP_133,40.94993,-78.002096,Limnephilus,1,Larvae,Arthropoda,Insecta,Trichoptera,Limnephilidae,Limnephilinae,Limnephilus,,,M. Ward,M. Ward,,,,,,,,,,,
TRUE,2023-05-16,MSHN_3,PSU_VP_134,40.94993,-78.002096,Limnephilus,1,Larvae,Arthropoda,Insecta,Trichoptera,Limnephilidae,Limnephilinae,Limnephilus,,,M. Ward,M. Ward,,,,,,,,,,,
TRUE,2023-05-16,MSHN_3,PSU_VP_135,40.94993,-78.002096,Limnephilus,1,Larvae,Arthropoda,Insecta,Trichoptera,Limnephilidae,Limnephilinae,Limnephilus,,,M. Ward,M. Ward,,,,,,,,,,,
TRUE,2023-05-16,MSHN_3,PSU_VP_136,40.94993,-78.002096,Culex,1,Larvae,Arthropoda,Insecta,Diptera,Culicidae,Culicinae,Culex,,,M. Ward,M. Ward,,,,,,,,,,,
TRUE,2023-05-16,MSHN_3,PSU_VP_137,40.94993,-78.002096,Aedes,1,Larvae,Arthropoda,Insecta,Diptera,Culicidae,Culicinae,Aedes,,,M. Ward,M. Ward,,,,,,,,,,,
TRUE,2023-05-16,MSHN_3,PSU_VP_138,40.94993,-78.002096,Aedes,1,Larvae,Arthropoda,Insecta,Diptera,Culicidae,Culicinae,Aedes,,,M. Ward,M. Ward,,,,,,,,,,,
TRUE,2023-05-23,MSHN_2,PSU_VP_139,40.93583,-78.032284,Limnephilus,1,Larvae,Arthropoda,Insecta,Trichoptera,Limnephilidae,Limnephilinae,Limnephilus,,,M. Ward,M. Ward,,,,,,,,,,,
TRUE,2023-05-23,MSHN_2,PSU_VP_140,40.93583,-78.032284,Limnephiloidea,1,Pupa,Arthropoda,Insecta,Trichoptera,,,,,,M. Ward,M. Ward,PUPAL CASE,,,,,,,,,,
TRUE,2023-05-23,MSHN_3,PSU_VP_141,40.94993,-78.002096,Limnephiloidea,1,Pupa,Arthropoda,Insecta,Trichoptera,,,,,,M. Ward,M. Ward,PUPAL CASE,,,,,,,,,,
TRUE,2023-05-23,MSHN_3,PSU_VP_142,40.94993,-78.002096,Limnephiloidea,1,Pupa,Arthropoda,Insecta,Trichoptera,,,,,,M. Ward,M. Ward,PUPAL CASE,,,,,,,,,,
TRUE,2023-05-23,MSHN_3,PSU_VP_143,40.94993,-78.002096,Limnephiloidea,1,Pupa,Arthropoda,Insecta,Trichoptera,,,,,,M. Ward,M. Ward,PUPAL CASE,,,,,,,,,,
TRUE,2023-05-23,MSHN_3,PSU_VP_144,40.94993,-78.002096,Limnephiloidea,1,Pupa,Arthropoda,Insecta,Trichoptera,,,,,,M. Ward,M. Ward,PUPAL CASE,,,,,,,,,,
TRUE,2023-05-23,MSHN_3,PSU_VP_145,40.94993,-78.002096,Limnephilus,1,Larvae,Arthropoda,Insecta,Trichoptera,Limnephilidae,Limnephilinae,Limnephilus,,,M. Ward,M. Ward,,,,,,,,,,,
TRUE,2023-05-23,MSHN_3,PSU_VP_146,40.94993,-78.002096,Limnephiloidea,1,Pupa,Arthropoda,Insecta,Trichoptera,,,,,,M. Ward,M. Ward,PUPAL CASE,,,,,,,,,,
TRUE,2023-05-23,MSHN_3,PSU_VP_147,40.94993,-78.002096,Limnephiloidea,1,Pupa,Arthropoda,Insecta,Trichoptera,,,,,,M. Ward,M. Ward,PUPAL CASE,,,,,,,,,,
TRUE,2023-05-23,MSHN_3,PSU_VP_148,40.94993,-78.002096,Limnephilus,1,Larvae,Arthropoda,Insecta,Trichoptera,Limnephilidae,Limnephilinae,Limnephilus,,,M. Ward,M. Ward,,,,,,,,,,,
TRUE,2023-05-23,MSHN_3,PSU_VP_149,40.94993,-78.002096,Limnephiloidea,1,Pupa,Arthropoda,Insecta,Trichoptera,,,,,,M. Ward,M. Ward,PUPAL CASE,,,,,,,,,,
TRUE,2023-05-23,MSHN_3,PSU_VP_150,40.94993,-78.002096,Limnephiloidea,1,Pupa,Arthropoda,Insecta,Trichoptera,,,,,,M. Ward,M. Ward,PUPAL CASE,,,,,,,,,,
TRUE,2023-05-24,BDEG_2,PSU_VP_151,40.80081,-77.506195,Oligochaeta,1,,Arthropoda,Clitellata,Oligochaeta,,,,,,M. Ward,M. Ward,,,,,,,,,,,
TRUE,2023-05-16,MHSN_1,PSU_VP_152,40.84595,-78.097878,Oligochaeta,12,,Arthropoda,Clitellata,Oligochaeta,,,,,,M. Ward,M. Ward,,,,,,,,,,,
TRUE,2023-05-23,MSHN_1,PSU_VP_153,40.84595,-78.097878,Oligochaeta,6,,Arthropoda,Clitellata,Oligochaeta,,,,,,M.Ward,M. Ward,,,,,,,,,,,
TRUE,2023-05-23,MSHN_2,PSU_VP_154,40.93583,-78.032284,Oligochaeta,53,,Arthropoda,Clitellata,Oligochaeta,,,,,,M. Ward,M. Ward,,,,,,,,,,,
TRUE,2023-05-16,MSHN_2,PSU_VP_155,40.93583,-78.032284,Oligochaeta,48,,Arthropoda,Clitellata,Oligochaeta,,,,,,M. Ward,M. Ward,,,,,,,,,,,
TRUE,2023-05-23,MSHN_3,PSU_VP_156,40.94993,-78.002096,Oligochaeta,26,Larvae,Arthropoda,Clitellata,Oligochaeta,,,,,,M.Ward,M. Ward,,,,,,,,,,,
TRUE,2023-05-16,MSHN_3,PSU_VP_157,40.94993,-78.002096,Oligochaeta,10,Larvae,Arthropoda,Clitellata,Oligochaeta,,,,,,M. Ward,M. Ward,,,,,,,,,,,
TRUE,2023-05-24,BDEG_3,PSU_VP_158,40.80368,-77.499264,Scirtidae,1,Larvae,Arthropoda,Insecta,Coleoptera,Scirtidae,,,,,M.Ward,M. Ward,,,,,,,,,,,
TRUE,2023-05-24,BDEG_3,PSU_VP_159,40.80368,-77.499264,Scirtidae,1,Larvae,Arthropoda,Insecta,Coleoptera,Scirtidae,,,,,M.Ward,M. Ward,,,,,,,,,,,
TRUE,2023-05-24,BDEG_3,PSU_VP_160,40.80368,-77.499264,Scirtidae,1,Larvae,Arthropoda,Insecta,Coleoptera,Scirtidae,,,,,M.Ward,M. Ward,,,,,,,,,,,
TRUE,2023-05-24,BDEG_3,PSU_VP_161,40.80368,-77.499264,Scirtidae,1,Larvae,Arthropoda,Insecta,Coleoptera,Scirtidae,,,,,M.Ward,M. Ward,,,,,,,,,,,
TRUE,2023-05-24,BDEG_3,PSU_VP_162,40.80368,-77.499264,Scirtidae,1,Larvae,Arthropoda,Insecta,Coleoptera,Scirtidae,,,,,M.Ward,M. Ward,,,,,,,,,,,
TRUE,2023-05-24,BDEG_3,PSU_VP_163,40.80368,-77.499264,Scirtidae,1,Larvae,Arthropoda,Insecta,Coleoptera,Scirtidae,,,,,M.Ward,M. Ward,,,,,,,,,,,
TRUE,2023-05-24,BDEG_3,PSU_VP_164,40.80368,-77.499264,Scirtidae,1,Larvae,Arthropoda,Insecta,Coleoptera,Scirtidae,,,,,M.Ward,M. Ward,,,,,,,,,,,
TRUE,2023-05-24,BDEG_3,PSU_VP_165,40.80368,-77.499264,Scirtidae,1,Larvae,Arthropoda,Insecta,Coleoptera,Scirtidae,,,,,M.Ward,M. Ward,,,,,,,,,,,
TRUE,2023-05-24,BDEG_3,PSU_VP_166,40.80368,-77.499264,Scirtidae,1,Larvae,Arthropoda,Insecta,Coleoptera,Scirtidae,,,,,M.Ward,M. Ward,,,,,,,,,,,
TRUE,2023-05-24,BDEG_3,PSU_VP_167,40.80368,-77.499264,Scirtidae,1,Larvae,Arthropoda,Insecta,Coleoptera,Scirtidae,,,,,M.Ward,M. Ward,,,,,,,,,,,
TRUE,2023-05-24,BDEG_3,PSU_VP_168,40.80368,-77.499264,Scirtidae,1,Larvae,Arthropoda,Insecta,Coleoptera,Scirtidae,,,,,M.Ward,M. Ward,,,,,,,,,,,
TRUE,2023-05-24,BDEG_3,PSU_VP_169,40.80368,-77.499264,Scirtidae,1,Larvae,Arthropoda,Insecta,Coleoptera,Scirtidae,,,,,M.Ward,M. Ward,,,,,,,,,,,
TRUE,2023-05-24,BDEG_3,PSU_VP_170,40.80368,-77.499264,Scirtidae,1,Larvae,Arthropoda,Insecta,Coleoptera,Scirtidae,,,,,M.Ward,M. Ward,,,,,,,,,,,
TRUE,2023-05-24,BDEG_3,PSU_VP_171,40.80368,-77.499264,Scirtidae,1,Larvae,Arthropoda,Insecta,Coleoptera,Scirtidae,,,,,M.Ward,M. Ward,,,,,,,,,,,
TRUE,2023-05-24,BDEG_3,PSU_VP_172,40.80368,-77.499264,Scirtidae,1,Larvae,Arthropoda,Insecta,Coleoptera,Scirtidae,,,,,M.Ward,M. Ward,,,,,,,,,,,
TRUE,2023-05-23,MSHN_1,PSU_VP_173,40.84595,-78.097878,Limnephiloidea,1,Pupa,Arthropoda,Insecta,Trichoptera,,,,,,M.Ward,M. Ward,,,,,,,,,,,
TRUE,2023-05-23,MSHN_1,PSU_VP_174,40.84595,-78.097878,Dytiscidae,1,Larvae,Arthropoda,Insecta,Coleoptera,Dytiscidae,,,,,M. Ward,M. Ward,,,,,,,,,,,
TRUE,2023-05-23,MSHN_1,PSU_VP_175,40.84595,-78.097878,Culex,1,Pupa,Arthropoda,Insecta,Diptera,Culicidae,Culicinae,Culex,,,,M. Ward,,,,,,,,,,,
TRUE,2023-05-17,BDEG_3,PSU_VP_176,40.80368,-77.499264,Chaoboridae,1,Pupa,Arthropoda,Insecta,Diptera,Chaoboridae,,,,,,M. Ward,,,,,,,,,,,
TRUE,2023-07-03,SPRL_1,PSU_VP_177,41.10381,-77.988083,Oligochaeta,3,Larvae,Arthropoda,Clitellata,Oligochaeta,,,,,,M.Ward,M. Ward,,,,,,,,,,,
TRUE,2023-07-03,SPRL_1,PSU_VP_178,41.10381,-77.988083,Hirudinea,3,Larvae,Arthropoda,Clitellata,Hirudinea,,,,,,M. Ward,M. Ward,,,,,,,,,,,
TRUE,2023-07-03,SPRL_1,PSU_VP_179,41.10381,-77.988083,Aedes,1,Larvae,Arthropoda,Insecta,Diptera,Culicidae,Culicinae,Aedes,,,M. Ward,M. Ward,,,,,,,,,,,
TRUE,2023-07-03,SPRL_1,PSU_VP_180,41.10381,-77.988083,Aedes,1,Pupa,Arthropoda,Insecta,Diptera,Culicidae,Culicinae,Aedes,,,M. Ward,M. Ward,,,,,,,,,,,
TRUE,2023-07-03,SPRL_1,PSU_VP_181,41.10381,-77.988083,Enochrus,1,Adult,Arthropoda,Insecta,Coleoptera,Hydrophilidae,Enochrinae,Enochrus,,,M. Ward,M. Ward,,,,,,,,,,,
TRUE,2023-07-03,SPRL_1,PSU_VP_182,41.10381,-77.988083,Liodessus,1,Adult,Arthropoda,Insecta,Coleoptera,Dytiscidae,Hydroporinae,Liodessus,,,M. Ward,M. Ward,,,,,,,,,,,
TRUE,2023-07-03,SPRL_1,PSU_VP_183,41.10381,-77.988083,Liodessus,1,Adult,Arthropoda,Insecta,Coleoptera,Dytiscidae,Hydroporinae,Liodessus,,,M. Ward,M. Ward,,,,,,,,,,,
TRUE,2023-07-03,SPRL_1,PSU_VP_184,41.10381,-77.988083,Liodessus,1,Adult,Arthropoda,Insecta,Coleoptera,Dytiscidae,Hydroporinae,Liodessus,,,M. Ward,M. Ward,,,,,,,,,,,
TRUE,2023-07-03,SPRL_1,PSU_VP_185,41.10381,-77.988083,Liodessus,1,Adult,Arthropoda,Insecta,Coleoptera,Dytiscidae,Hydroporinae,Liodessus,,,M. Ward,M. Ward,,,,,,,,,,,
TRUE,2023-07-03,SPRL_1,PSU_VP_186,41.10381,-77.988083,Liodessus,1,Adult,Arthropoda,Insecta,Coleoptera,Dytiscidae,Hydroporinae,Liodessus,,,M. Ward,M. Ward,,,,,,,,,,,
TRUE,2023-07-03,SPRL_1,PSU_VP_187,41.10381,-77.988083,Enochrus,1,Adult,Arthropoda,Insecta,Coleoptera,Hydrophilidae,Enochrinae,Enochrus,,,M. Ward,M. Ward,,,,,,,,,,,
TRUE,2023-07-03,SPRL_1,PSU_VP_188,41.10381,-77.988083,Lesteva,1,Adult,Arthropoda,Insecta,Coleoptera,Staphylinidae,Omaliinae,Lesteva,,,M. Ward,M. Ward,,,,,,,,,,,
TRUE,2023-07-03,SPRL_1,PSU_VP_189,41.10381,-77.988083,Limnephiloidea,1,Pupa,Arthropoda,Insecta,Trichoptera,,,,,,M. Ward,M. Ward,Pupal Chamber,,,,,,,,,,
TRUE,2023-07-03,SPRL_1,PSU_VP_190,41.10381,-77.988083,Enochrus,1,Adult,Arthropoda,Insecta,Coleoptera,Hydrophilidae,Enochrinae,Enochrus,,,M. Ward,M. Ward,,,,,,,,,,,
TRUE,2023-07-03,SPRL_1,PSU_VP_191,41.10381,-77.988083,Enochrus,1,Adult,Arthropoda,Insecta,Coleoptera,Hydrophilidae,Enochrinae,Enochrus,,,M. Ward,M. Ward,,,,,,,,,,,
TRUE,2023-07-03,SPRL_1,PSU_VP_192,41.10381,-77.988083,Liodessus,1,Adult,Arthropoda,Insecta,Coleoptera,Dytiscidae,Hydroporinae,Liodessus,,,M. Ward,M. Ward,,,,,,,,,,,
TRUE,2023-07-03,SPRL_1,PSU_VP_193,41.10381,-77.988083,Liodessus,1,Adult,Arthropoda,Insecta,Coleoptera,Dytiscidae,Hydroporinae,Liodessus,,,M. Ward,M. Ward,,,,,,,,,,,
TRUE,2023-07-03,SPRL_1,PSU_VP_194,41.10381,-77.988083,Coptotomus,1,Larvae,Arthropoda,Insecta,Coleoptera,Dytiscidae,Coptotominae,Coptotomus,,,M. Ward,M. Ward,,,,,,,,,,,
TRUE,2023-07-03,SPRL_1,PSU_VP_195,41.10381,-77.988083,Lesteva,1,Adult,Arthropoda,Insecta,Coleoptera,Staphylinidae,Omaliinae,Lesteva,,,M. Ward,M. Ward,,,,,,,,,,,
TRUE,2023-07-03,SPRL_1,PSU_VP_196,41.10381,-77.988083,Lesteva,1,Adult,Arthropoda,Insecta,Coleoptera,Staphylinidae,Omaliinae,Lesteva,,,M. Ward,M. Ward,,,,,,,,,,,
TRUE,2023-07-03,SPRL_1,PSU_VP_197,41.10381,-77.988083,Lesteva,1,Adult,Arthropoda,Insecta,Coleoptera,Staphylinidae,Omaliinae,Lesteva,,,M. Ward,M. Ward,,,,,,,,,,,
TRUE,2023-07-05,MSHN_1,PSU_VP_198,40.84595,-78.097878,Agabinae,1,Larvae,Arthropoda,Insecta,Coleoptera,Dytiscidae,Agabinae,,,,M. Ward,M. Ward,,,,,,,,,,,
TRUE,2023-07-05,MSHN_1,PSU_VP_199,40.84595,-78.097878,Aedes,1,Pupa,Arthropoda,Insecta,Diptera,Culicidae,Culicinae,Aedes,,,,M. Ward,,,,,,,,,,,
TRUE,2023-07-05,MSHN_1,PSU_VP_200,40.84595,-78.097878,Aedes,1,Pupa,Arthropoda,Insecta,Diptera,Culicidae,Culicinae,Aedes,,,,M. Ward,,,,,,,,,,,
TRUE,2023-07-05,MSHN_1,PSU_VP_201,40.84595,-78.097878,Lesteva,1,Adult,Arthropoda,Insecta,Coleoptera,Staphylinidae,,Lesteva,,,,M. Ward,,,,,,,,,,,
TRUE,2023-07-05,MSHN_1,PSU_VP_202,40.84595,-78.097878,Anopheles,1,Pupa,Arthropoda,Insecta,Diptera,Culicidae,Anophelinae,Anopheles,,,,M. Ward,,,,,,,,,,,
TRUE,2023-07-05,MSHN_1,PSU_VP_203,40.84595,-78.097878,Anopheles,1,Larvae,Arthropoda,Insecta,Diptera,Culicidae,Anophelinae,Anopheles,,,,M. Ward,,,,,,,,,,,
TRUE,2023-07-05,MSHN_1,PSU_VP_204,40.84595,-78.097878,Anopheles,1,Pupa,Arthropoda,Insecta,Diptera,Culicidae,Anophelinae,Anopheles,,,,M. Ward,,,,,,,,,,,
TRUE,2023-07-05,MSHN_1,PSU_VP_205,40.84595,-78.097878,Anopheles,1,Larvae,Arthropoda,Insecta,Diptera,Culicidae,Anophelinae,Anopheles,,,,M. Ward,,,,,,,,,,,
TRUE,2023-07-05,MSHN_1,PSU_VP_206,40.84595,-78.097878,Anopheles,1,Larvae,Arthropoda,Insecta,Diptera,Culicidae,Anophelinae,Anopheles,,,,M. Ward,,,,,,,,,,,
TRUE,2023-07-05,MSHN_1,PSU_VP_207,40.84595,-78.097878,Aedes,1,Larvae,Arthropoda,Insecta,Diptera,Culicidae,Culicinae,Aedes,,,,M. Ward,,,,,,,,,,,
TRUE,2023-07-05,MSHN_1,PSU_VP_208,40.84595,-78.097878,Enochrus,1,Larvae,Arthropoda,Insecta,Coleoptera,Hydrophilidae,Enochrinae,Enochrus,,,,M. Ward,,,,,,,,,,,
TRUE,2023-07-05,MSHN_1,PSU_VP_209,40.84595,-78.097878,Enochrus,1,Adult,Arthropoda,Insecta,Coleoptera,Hydrophilidae,Enochrinae,Enochrus,,,,M. Ward,,,,,,,,,,,
TRUE,2023-07-05,MSHN_1,PSU_VP_210,40.84595,-78.097878,Enochrus,1,Adult,Arthropoda,Insecta,Coleoptera,Hydrophilidae,Enochrinae,Enochrus,,,,M. Ward,,,,,,,,,,,
TRUE,2023-07-05,MSHN_1,PSU_VP_211,40.84595,-78.097878,Enochrus,1,Adult,Arthropoda,Insecta,Coleoptera,Hydrophilidae,Enochrinae,Enochrus,,,,M. Ward,,,,,,,,,,,
TRUE,2023-07-05,MSHN_1,PSU_VP_212,40.84595,-78.097878,Enochrus,1,Adult,Arthropoda,Insecta,Coleoptera,Hydrophilidae,Enochrinae,Enochrus,,,,M. Ward,,,,,,,,,,,
TRUE,2023-07-05,MSHN_1,PSU_VP_213,40.84595,-78.097878,Enochrus,1,Adult,Arthropoda,Insecta,Coleoptera,Hydrophilidae,Enochrinae,Enochrus,,,,M. Ward,,,,,,,,,,,
TRUE,2023-07-05,MSHN_1,PSU_VP_214,40.84595,-78.097878,Enochrus,1,Adult,Arthropoda,Insecta,Coleoptera,Hydrophilidae,Enochrinae,Enochrus,,,,M. Ward,,,,,,,,,,,
TRUE,2023-07-05,MSHN_1,PSU_VP_215,40.84595,-78.097878,Enochrus,1,Adult,Arthropoda,Insecta,Coleoptera,Hydrophilidae,Enochrinae,Enochrus,,,,M. Ward,,,,,,,,,,,
TRUE,2023-07-05,MSHN_1,PSU_VP_216,40.84595,-78.097878,Enochrus,1,Adult,Arthropoda,Insecta,Coleoptera,Hydrophilidae,Enochrinae,Enochrus,,,,M. Ward,,,,,,,,,,,
TRUE,2023-07-05,MSHN_1,PSU_VP_217,40.84595,-78.097878,Enochrus,1,Adult,Arthropoda,Insecta,Coleoptera,Hydrophilidae,Enochrinae,Enochrus,,,,M. Ward,,,,,,,,,,,
TRUE,2023-07-05,MSHN_1,PSU_VP_218,40.84595,-78.097878,Notonecta,1,Adult,Arthropoda,Insecta,Hemiptera,Notonectidae,,Notonecta,,,,M. Ward,,,,,,,,,,,
TRUE,2023-07-05,MSHN_1,PSU_VP_219,40.84595,-78.097878,Notonecta,1,Adult,Arthropoda,Insecta,Hemiptera,Notonectidae,,Notonecta,,,,M. Ward,,,,,,,,,,,
TRUE,2023-07-05,MSHN_1,PSU_VP_220,40.84595,-78.097878,Notonecta,1,Adult,Arthropoda,Insecta,Hemiptera,Notonectidae,,Notonecta,,,,M. Ward,,,,,,,,,,,
TRUE,2023-07-05,MSHN_1,PSU_VP_221,40.84595,-78.097878,Notonecta,1,Adult,Arthropoda,Insecta,Hemiptera,Notonectidae,,Notonecta,,,,M. Ward,,,,,,,,,,,
TRUE,2023-07-05,MSHN_1,PSU_VP_222,40.84595,-78.097878,Notonecta,1,Adult,Arthropoda,Insecta,Hemiptera,Notonectidae,,Notonecta,,,,M. Ward,,,,,,,,,,,
TRUE,2023-07-05,MSHN_1,PSU_VP_223,40.84595,-78.097878,Notonecta,1,Adult,Arthropoda,Insecta,Hemiptera,Notonectidae,,Notonecta,,,,M. Ward,,,,,,,,,,,
TRUE,2023-07-05,MSHN_1,PSU_VP_224,40.84595,-78.097878,Notonecta,1,Adult,Arthropoda,Insecta,Hemiptera,Notonectidae,,Notonecta,,,,M. Ward,,,,,,,,,,,
TRUE,2023-07-05,MSHN_1,PSU_VP_225,40.84595,-78.097878,Notonecta,1,Adult,Arthropoda,Insecta,Hemiptera,Notonectidae,,Notonecta,,,,M. Ward,,,,,,,,,,,
TRUE,2023-07-05,MSHN_1,PSU_VP_226,40.84595,-78.097878,Gerris,1,Adult,Arthropoda,Insecta,Hemiptera,Gerridae,Gerrinae,Gerris,,,,M. Ward,,,,,,,,,,,
TRUE,2023-07-05,MSHN_1,PSU_VP_227,40.84595,-78.097878,Gerridae,1,Nymph,Arthropoda,Insecta,Hemiptera,Gerridae,,,,,,M. Ward,,,,,,,,,,,
TRUE,2023-07-05,MSHN_1,PSU_VP_228,40.84595,-78.097878,Gerridae,1,Nymph,Arthropoda,Insecta,Hemiptera,Gerridae,,,,,,M. Ward,,,,,,,,,,,
TRUE,2023-07-05,MSHN_1,PSU_VP_229,40.84595,-78.097878,Gerridae,1,Nymph,Arthropoda,Insecta,Hemiptera,Gerridae,,,,,,M. Ward,,,,,,,,,,,
TRUE,2023-07-05,MSHN_1,PSU_VP_230,40.84595,-78.097878,Gerridae,1,Nymph,Arthropoda,Insecta,Hemiptera,Gerridae,,,,,,M. Ward,,,,,,,,,,,
TRUE,2023-07-05,MSHN_1,PSU_VP_231,40.84595,-78.097878,Gerridae,1,Nymph,Arthropoda,Insecta,Hemiptera,Gerridae,,,,,,M. Ward,,,,,,,,,,,
TRUE,2023-07-05,MSHN_1,PSU_VP_232,40.84595,-78.097878,Gerridae,1,Nymph,Arthropoda,Insecta,Hemiptera,Gerridae,,,,,,M. Ward,,,,,,,,,,,
TRUE,2023-07-05,MSHN_1,PSU_VP_233,40.84595,-78.097878,Peltodytes,1,Adult,Arthropoda,Insecta,Coleoptera,Haliplidae,,Peltodytes,,,,M. Ward,,,,,,,,,,,
TRUE,2023-07-05,MSHN_1,PSU_VP_234,40.84595,-78.097878,Hirudinea,3,Larvae,Arthropoda,Clitellata,Hirudinea,,,,,,,M. Ward,,,,,,,,,,,
TRUE,2023-07-05,MSHN_1,PSU_VP_235,40.84595,-78.097878,Oligochaeta,70,Larvae,Arthropoda,Clitellata,Oligochaeta,,,,,,,M. Ward,,,,,,,,,,,
TRUE,2023-07-05,MSHN_1,PSU_VP_236,40.84595,-78.097878,Anopheles,1,Larvae,Arthropoda,Insecta,Diptera,Culicidae,Anophelinae,Anopheles,,,,M. Ward,,,,,,,,,,,
TRUE,2023-07-05,MSHN_1,PSU_VP_237,40.84595,-78.097878,Agabinae,1,Larvae,Arthropoda,Insecta,Coleoptera,Dytiscidae,Agabinae,,,,,M. Ward,,,,,,,,,,,
TRUE,2023-07-05,MSHN_1,PSU_VP_238,40.84595,-78.097878,Liodessus,1,Adult,Arthropoda,Insecta,Coleoptera,Dytiscidae,Hydroporinae,Liodessus,,,,M. Ward,,,,,,,,,,,
TRUE,2023-07-05,MSHN_1,PSU_VP_239,40.84595,-78.097878,Hydroporus,1,Larvae,Arthropoda,Insecta,Coleoptera,Dytiscidae,Hydroporinae,Hydroporus,,,,M. Ward,,,,,,,,,,,
TRUE,2023-07-05,MSHN_1,PSU_VP_240,40.84595,-78.097878,Dytiscus,1,Larvae,Arthropoda,Insecta,Coleoptera,Dytiscidae,Dytiscinae,Dytiscus,,,,M. Ward,,,,,,,,,,,
TRUE,2023-07-05,MSHN_1,PSU_VP_241,40.84595,-78.097878,Dytiscus,1,Larvae,Arthropoda,Insecta,Coleoptera,Dytiscidae,Dytiscinae,Dytiscus,,,,M. Ward,,,,,,,,,,,
TRUE,2023-07-03,SPRL_3,PSU_VP_242,41.15978,-77.899456,Chauliodes,1,Larvae,Arthropoda,Insecta,Megaloptera,Corydalidae,Chauliodinae,Chauliodes,,,,M. Ward,,,,,,,,,,,
TRUE,2023-07-03,SPRL_3,PSU_VP_243,41.15978,-77.899456,Enochrus,1,Adult,Arthropoda,Insecta,Coleoptera,Hydrophilidae,Enochrinae,Enochrus,,,,M. Ward,,,,,,,,,,,
TRUE,2023-07-03,SPRL_3,PSU_VP_244,41.15978,-77.899456,Ceratopogoninae,1,Larvae,Arthropoda,Insecta,Diptera,Ceratopogonidae,Ceratopogoninae,,,,,M. Ward,,,,,,,,,,,
TRUE,2023-07-03,SPRL_3,PSU_VP_245,41.15978,-77.899456,Ceratopogoninae,1,Larvae,Arthropoda,Insecta,Diptera,Ceratopogonidae,Ceratopogoninae,,,,,M. Ward,,,,,,,,,,,
TRUE,2023-07-03,SPRL_3,PSU_VP_246,41.15978,-77.899456,Liodessus,1,Adult,Arthropoda,Insecta,Coleoptera,Dytiscidae,Hydroporinae,Liodessus,,,,M. Ward,,,,,,,,,,,
TRUE,2023-07-03,SPRL_3,PSU_VP_247,41.15978,-77.899456,Liodessus,1,Adult,Arthropoda,Insecta,Coleoptera,Dytiscidae,Hydroporinae,Liodessus,,,,M. Ward,,,,,,,,,,,
TRUE,2023-07-03,SPRL_3,PSU_VP_248,41.15978,-77.899456,Liodessus,1,Adult,Arthropoda,Insecta,Coleoptera,Dytiscidae,Hydroporinae,Liodessus,,,,M. Ward,,,,,,,,,,,
TRUE,2023-07-03,SPRL_3,PSU_VP_249,41.15978,-77.899456,Liodessus,1,Adult,Arthropoda,Insecta,Coleoptera,Dytiscidae,Hydroporinae,Liodessus,,,,M. Ward,,,,,,,,,,,
TRUE,2023-07-03,SPRL_3,PSU_VP_250,41.15978,-77.899456,Liodessus,1,Adult,Arthropoda,Insecta,Coleoptera,Dytiscidae,Hydroporinae,Liodessus,,,,M. Ward,,,,,,,,,,,
TRUE,2023-07-03,SPRL_3,PSU_VP_251,41.15978,-77.899456,Aedes,1,Larvae,Arthropoda,Insecta,Diptera,Culicidae,Culicinae,Aedes,,,,M. Ward,,,,,,,,,,,
TRUE,2023-07-03,SPRL_3,PSU_VP_252,41.15978,-77.899456,Aedes,1,Larvae,Arthropoda,Insecta,Diptera,Culicidae,Culicinae,Aedes,,,,M. Ward,,,,,,,,,,,
TRUE,2023-07-03,SPRL_3,PSU_VP_253,41.15978,-77.899456,Aedes,1,Larvae,Arthropoda,Insecta,Diptera,Culicidae,Culicinae,Aedes,,,,M. Ward,,,,,,,,,,,
TRUE,2023-07-03,SPRL_3,PSU_VP_254,41.15978,-77.899456,Aedes,1,Larvae,Arthropoda,Insecta,Diptera,Culicidae,Culicinae,Aedes,,,,M. Ward,,,,,,,,,,,
TRUE,2023-07-03,SPRL_3,PSU_VP_255,41.15978,-77.899456,Aedes,1,Larvae,Arthropoda,Insecta,Diptera,Culicidae,Culicinae,Aedes,,,,M. Ward,,,,,,,,,,,
TRUE,2023-07-03,SPRL_3,PSU_VP_256,41.15978,-77.899456,Aedes,1,Larvae,Arthropoda,Insecta,Diptera,Culicidae,Culicinae,Aedes,,,,M. Ward,,,,,,,,,,,
TRUE,2023-07-03,SPRL_3,PSU_VP_257,41.15978,-77.899456,Aedes,1,Larvae,Arthropoda,Insecta,Diptera,Culicidae,Culicinae,Aedes,,,,M. Ward,,,,,,,,,,,
TRUE,2023-07-03,SPRL_3,PSU_VP_258,41.15978,-77.899456,Aedes,1,Larvae,Arthropoda,Insecta,Diptera,Culicidae,Culicinae,Aedes,,,,M. Ward,,,,,,,,,,,
TRUE,2023-07-03,SPRL_3,PSU_VP_259,41.15978,-77.899456,Aedes,1,Larvae,Arthropoda,Insecta,Diptera,Culicidae,Culicinae,Aedes,,,,M. Ward,,,,,,,,,,,
TRUE,2023-07-03,SPRL_3,PSU_VP_260,41.15978,-77.899456,Aedes,1,Larvae,Arthropoda,Insecta,Diptera,Culicidae,Culicinae,Aedes,,,,M. Ward,,,,,,,,,,,
TRUE,2023-07-03,SPRL_3,PSU_VP_261,41.15978,-77.899456,Aedes,1,Larvae,Arthropoda,Insecta,Diptera,Culicidae,Culicinae,Aedes,,,,M. Ward,,,,,,,,,,,
TRUE,2023-07-03,SPRL_3,PSU_VP_262,41.15978,-77.899456,Aedes,1,Larvae,Arthropoda,Insecta,Diptera,Culicidae,Culicinae,Aedes,,,,M. Ward,,,,,,,,,,,
TRUE,2023-07-03,SPRL_3,PSU_VP_263,41.15978,-77.899456,Aedes,1,Larvae,Arthropoda,Insecta,Diptera,Culicidae,Culicinae,Aedes,,,,M. Ward,,,,,,,,,,,
TRUE,2023-07-03,SPRL_3,PSU_VP_264,41.15978,-77.899456,Aedes,1,Larvae,Arthropoda,Insecta,Diptera,Culicidae,Culicinae,Aedes,,,,M. Ward,,,,,,,,,,,
TRUE,2023-07-03,SPRL_3,PSU_VP_265,41.15978,-77.899456,Neoporus,1,Adult,Arthropoda,Insecta,Coleoptera,Dytiscidae,Hydroporinae,Neoporus,,,,M. Ward,,,,,,,,,,,
TRUE,2023-07-03,SPRL_3,PSU_VP_266,41.15978,-77.899456,Neoporus,1,Adult,Arthropoda,Insecta,Coleoptera,Dytiscidae,Hydroporinae,Neoporus,,,,M. Ward,,,,,,,,,,,
TRUE,2023-07-06,BDEG_2,PSU_VP_267,40.80081,-77.506195,Gerris,1,Adult,Arthropoda,Insecta,Hemiptera,Gerridae,Gerrinae,Gerris,,,,M. Ward,,,,,,,,,,,
TRUE,2023-07-06,BDEG_2,PSU_VP_268,40.80081,-77.506195,Scirtidae,1,Larvae,Arthropoda,Insecta,Coleoptera,Scirtidae,,,,,,M. Ward,,,,,,,,,,,
TRUE,2023-07-06,BDEG_2,PSU_VP_269,40.80081,-77.506195,Lesteva,1,Adult,Arthropoda,Insecta,Coleoptera,Staphylinidae,,Lesteva,,,,M. Ward,,,,,,,,,,,
TRUE,2023-07-06,BDEG_2,PSU_VP_270,40.80081,-77.506195,Lesteva,1,Adult,Arthropoda,Insecta,Coleoptera,Staphylinidae,,Lesteva,,,,M. Ward,,,,,,,,,,,
TRUE,2023-07-05,MSHN_2,PSU_VP_271,40.93583,-78.032284,Oligochaeta,22,Larvae,Arthropoda,Clitellata,Oligochaeta,,,,,,,M. Ward,,,,,,,,,,,
TRUE,2023-07-05,MSHN_2,PSU_VP_272,40.93583,-78.032284,Aeshna,1,Naiad,Arthropoda,Insecta,Odonata,Aeshnidae,,Aeshna,,,,M. Ward,,,,,,,,,,,
TRUE,2023-07-05,MSHN_2,PSU_VP_273,40.93583,-78.032284,Hydroporus,1,Adult,Arthropoda,Insecta,Coleoptera,Dytiscidae,Hydroporinae,Hydroporus,,,,M. Ward,,,,,,,,,,,
TRUE,2023-07-05,MSHN_2,PSU_VP_274,40.93583,-78.032284,Hydroporus,1,Adult,Arthropoda,Insecta,Coleoptera,Dytiscidae,Hydroporinae,Hydroporus,,,,M. Ward,,,,,,,,,,,
TRUE,2023-07-05,MSHN_2,PSU_VP_275,40.93583,-78.032284,Hydroporus,1,Adult,Arthropoda,Insecta,Coleoptera,Dytiscidae,Hydroporinae,Hydroporus,,,,M. Ward,,,,,,,,,,,
TRUE,2023-07-05,MSHN_2,PSU_VP_276,40.93583,-78.032284,Neoporus,1,Adult,Arthropoda,Insecta,Coleoptera,Dytiscidae,Hydroporinae,Neoporus,,,,M. Ward,,,,,,,,,,,
TRUE,2023-05-16,MSHN_1,PSU_VP_277,40.84595,-78.097878,Tanypodinae,1,Larvae,Arthropoda,Insecta,Diptera,Chironomidae,Tanypodinae,,,,,,,,,,,,,,,,
TRUE,2023-05-23,MSHN_1,PSU_VP_278,40.84595,-78.097878,Tanypodinae,1,Larvae,Arthropoda,Insecta,Diptera,Chironomidae,Tanypodinae,,,,,,,,,,,,,,,,
TRUE,2023-05-23,MSHN_1,PSU_VP_279,40.84595,-78.097878,Chironomini,1,Larvae,Arthropoda,Insecta,Diptera,Chironomidae,Chironominae,,,,,,,,,,,,,,,,
TRUE,2023-05-23,MSHN_1,PSU_VP_280,40.84595,-78.097878,Tanypodinae,1,Larvae,Arthropoda,Insecta,Diptera,Chironomidae,Tanypodinae,,,,,,,,,,,,,,,,
TRUE,2023-05-23,MSHN_1,PSU_VP_281,40.84595,-78.097878,Tanypodinae,1,Larvae,Arthropoda,Insecta,Diptera,Chironomidae,Tanypodinae,,,,,,,,,,,,,,,,
TRUE,2023-05-16,MSHN_3,PSU_VP_282,40.94993,-78.002096,Chironomini,1,Larvae,Arthropoda,Insecta,Diptera,Chironomidae,Chironominae,,,,,,,,,,,,,,,,
TRUE,2023-05-16,MSHN_3,PSU_VP_283,40.94993,-78.002096,Orthocladinae,1,Larvae,Arthropoda,Insecta,Diptera,Chironomidae,Orthocladinae,,,,,,,,,,,,,,,,
TRUE,2023-05-16,MSHN_3,PSU_VP_284,40.94993,-78.002096,Chironomini,1,Larvae,Arthropoda,Insecta,Diptera,Chironomidae,Chironominae,,,,,,,,,,,,,,,,
TRUE,2023-05-16,MSHN_3,PSU_VP_285,40.94993,-78.002096,Tanypodinae,1,Larvae,Arthropoda,Insecta,Diptera,Chironomidae,Tanypodinae,,,,,,,,,,,,,,,,
TRUE,2023-05-16,MSHN_3,PSU_VP_286,40.94993,-78.002096,Tanypodinae,1,Larvae,Arthropoda,Insecta,Diptera,Chironomidae,Tanypodinae,,,,,,,,,,,,,,,,
TRUE,2023-05-16,MSHN_3,PSU_VP_287,40.94993,-78.002096,Tanypodinae,1,Larvae,Arthropoda,Insecta,Diptera,Chironomidae,Tanypodinae,,,,,,,,,,,,,,,,
TRUE,2023-05-16,MSHN_3,PSU_VP_288,40.94993,-78.002096,Chironomini,1,Larvae,Arthropoda,Insecta,Diptera,Chironomidae,Chironominae,,,,,,,,,,,,,,,,
TRUE,2023-05-23,MSHN_2,PSU_VP_289,40.93583,-78.032284,Tanypodinae,1,Larvae,Arthropoda,Insecta,Diptera,Chironomidae,Tanypodinae,,,,,,,,,,,,,,,,
TRUE,2023-05-23,MSHN_2,PSU_VP_290,40.93583,-78.032284,Tanypodinae,1,Larvae,Arthropoda,Insecta,Diptera,Chironomidae,Tanypodinae,,,,,,,,,,,,,,,,
TRUE,2023-05-23,MSHN_2,PSU_VP_291,40.93583,-78.032284,Chironomini,1,Larvae,Arthropoda,Insecta,Diptera,Chironomidae,Chironominae,,,,,,,,,,,,,,,,
TRUE,2023-05-22,SPRL_3,PSU_VP_292,41.15978,-77.899456,Chironomini,1,Larvae,Arthropoda,Insecta,Diptera,Chironomidae,Chironominae,,,,,,,,,,,,,,,,
TRUE,2023-05-22,SPRL_3,PSU_VP_293,41.15978,-77.899456,Chironomini,1,Larvae,Arthropoda,Insecta,Diptera,Chironomidae,Chironominae,,,,,,,,,,,,,,,,
TRUE,2023-05-22,SPRL_3,PSU_VP_294,41.15978,-77.899456,Chironomini,1,Larvae,Arthropoda,Insecta,Diptera,Chironomidae,Chironominae,,,,,,,,,,,,,,,,
TRUE,2023-05-22,SPRL_3,PSU_VP_295,41.15978,-77.899456,Chironomini,1,Larvae,Arthropoda,Insecta,Diptera,Chironomidae,Chironominae,,,,,,,,,,,,,,,,
TRUE,2023-05-22,SPRL_3,PSU_VP_296,41.15978,-77.899456,Chironomini,1,Larvae,Arthropoda,Insecta,Diptera,Chironomidae,Chironominae,,,,,,,,,,,,,,,,
TRUE,2023-05-22,SPRL_3,PSU_VP_297,41.15978,-77.899456,Chironomini,1,Larvae,Arthropoda,Insecta,Diptera,Chironomidae,Chironominae,,,,,,,,,,,,,,,,
TRUE,2023-05-22,SPRL_3,PSU_VP_298,41.15978,-77.899456,Chironomini,1,Larvae,Arthropoda,Insecta,Diptera,Chironomidae,Chironominae,,,,,,,,,,,,,,,,
TRUE,2023-05-22,SPRL_3,PSU_VP_299,41.15978,-77.899456,Chironomini,1,Larvae,Arthropoda,Insecta,Diptera,Chironomidae,Chironominae,,,,,,,,,,,,,,,,
TRUE,2023-05-22,SPRL_3,PSU_VP_300,41.15978,-77.899456,Chironomini,1,Larvae,Arthropoda,Insecta,Diptera,Chironomidae,Chironominae,,,,,,,,,,,,,,,,
TRUE,2023-05-22,SPRL_3,PSU_VP_301,41.15978,-77.899456,Chironomini,1,Larvae,Arthropoda,Insecta,Diptera,Chironomidae,Chironominae,,,,,,,,,,,,,,,,
TRUE,2023-05-22,SPRL_3,PSU_VP_302,41.15978,-77.899456,Chironomini,1,Larvae,Arthropoda,Insecta,Diptera,Chironomidae,Chironominae,,,,,,,,,,,,,,,,
TRUE,2023-05-22,SPRL_3,PSU_VP_303,41.15978,-77.899456,Chironomini,1,Larvae,Arthropoda,Insecta,Diptera,Chironomidae,Chironominae,,,,,,,,,,,,,,,,
TRUE,2023-05-22,SPRL_3,PSU_VP_304,41.15978,-77.899456,Chironomini,1,Larvae,Arthropoda,Insecta,Diptera,Chironomidae,Chironominae,,,,,,,,,,,,,,,,
TRUE,2023-05-22,SPRL_3,PSU_VP_305,41.15978,-77.899456,Chironomini,1,Larvae,Arthropoda,Insecta,Diptera,Chironomidae,Chironominae,,,,,,,,,,,,,,,,
TRUE,2023-05-22,SPRL_3,PSU_VP_306,41.15978,-77.899456,Chironomini,1,Larvae,Arthropoda,Insecta,Diptera,Chironomidae,Chironominae,,,,,,,,,,,,,,,,
TRUE,2023-05-22,SPRL_3,PSU_VP_307,41.15978,-77.899456,Chironomini,1,Larvae,Arthropoda,Insecta,Diptera,Chironomidae,Chironominae,,,,,,,,,,,,,,,,
TRUE,2023-05-22,SPRL_3,PSU_VP_308,41.15978,-77.899456,Chironomini,1,Larvae,Arthropoda,Insecta,Diptera,Chironomidae,Chironominae,,,,,,,,,,,,,,,,
TRUE,2023-05-22,SPRL_3,PSU_VP_309,41.15978,-77.899456,Chironomini,1,Larvae,Arthropoda,Insecta,Diptera,Chironomidae,Chironominae,,,,,,,,,,,,,,,,
TRUE,2023-05-22,SPRL_3,PSU_VP_310,41.15978,-77.899456,Chironomini,1,Larvae,Arthropoda,Insecta,Diptera,Chironomidae,Chironominae,,,,,,,,,,,,,,,,
TRUE,2023-05-22,SPRL_3,PSU_VP_311,41.15978,-77.899456,Chironomini,1,Larvae,Arthropoda,Insecta,Diptera,Chironomidae,Chironominae,,,,,,,,,,,,,,,,
TRUE,2023-05-22,SPRL_3,PSU_VP_312,41.15978,-77.899456,Chironomini,1,Larvae,Arthropoda,Insecta,Diptera,Chironomidae,Chironominae,,,,,,,,,,,,,,,,
TRUE,2023-05-22,SPRL_3,PSU_VP_313,41.15978,-77.899456,Chironomini,1,Larvae,Arthropoda,Insecta,Diptera,Chironomidae,Chironominae,,,,,,,,,,,,,,,,
TRUE,2023-05-22,SPRL_3,PSU_VP_314,41.15978,-77.899456,Chironomini,1,Larvae,Arthropoda,Insecta,Diptera,Chironomidae,Chironominae,,,,,,,,,,,,,,,,
TRUE,2023-05-22,SPRL_3,PSU_VP_315,41.15978,-77.899456,Chironomini,1,Larvae,Arthropoda,Insecta,Diptera,Chironomidae,Chironominae,,,,,,,,,,,,,,,,
TRUE,2023-05-22,SPRL_3,PSU_VP_316,41.15978,-77.899456,Chironomini,1,Larvae,Arthropoda,Insecta,Diptera,Chironomidae,Chironominae,,,,,,,,,,,,,,,,
TRUE,2023-05-22,SPRL_3,PSU_VP_317,41.15978,-77.899456,Chironomini,1,Larvae,Arthropoda,Insecta,Diptera,Chironomidae,Chironominae,,,,,,,,,,,,,,,,
TRUE,2023-05-22,SPRL_3,PSU_VP_318,41.15978,-77.899456,Chironomini,1,Larvae,Arthropoda,Insecta,Diptera,Chironomidae,Chironominae,,,,,,,,,,,,,,,,
TRUE,2023-05-22,SPRL_3,PSU_VP_319,41.15978,-77.899456,Chironomini,1,Larvae,Arthropoda,Insecta,Diptera,Chironomidae,Chironominae,,,,,,,,,,,,,,,,
TRUE,2023-05-22,SPRL_3,PSU_VP_320,41.15978,-77.899456,Chironomini,1,Larvae,Arthropoda,Insecta,Diptera,Chironomidae,Chironominae,,,,,,,,,,,,,,,,
TRUE,2023-05-22,SPRL_3,PSU_VP_321,41.15978,-77.899456,Chironomini,1,Larvae,Arthropoda,Insecta,Diptera,Chironomidae,Chironominae,,,,,,,,,,,,,,,,
TRUE,2023-05-22,SPRL_3,PSU_VP_322,41.15978,-77.899456,Chironomini,1,Larvae,Arthropoda,Insecta,Diptera,Chironomidae,Chironominae,,,,,,,,,,,,,,,,
TRUE,2023-05-22,SPRL_3,PSU_VP_323,41.15978,-77.899456,Chironomini,1,Larvae,Arthropoda,Insecta,Diptera,Chironomidae,Chironominae,,,,,,,,,,,,,,,,
TRUE,2023-05-22,SPRL_3,PSU_VP_324,41.15978,-77.899456,Chironomini,1,Larvae,Arthropoda,Insecta,Diptera,Chironomidae,Chironominae,,,,,,,,,,,,,,,,
TRUE,2023-07-03,SPRL_3,PSU_VP_325,41.15978,-77.899456,Orthocladinae,1,Larvae,Arthropoda,Insecta,Diptera,Chironomidae,Orthocladinae,,,,,,,,,,,,,,,,
TRUE,2023-07-03,SPRL_3,PSU_VP_326,41.15978,-77.899456,Chironomini,1,Larvae,Arthropoda,Insecta,Diptera,Chironomidae,Chironominae,,,,,,,,,,,,,,,,
TRUE,2023-07-03,SPRL_3,PSU_VP_327,41.15978,-77.899456,Chironomini,1,Larvae,Arthropoda,Insecta,Diptera,Chironomidae,Chironominae,,,,,,,,,,,,,,,,
TRUE,2023-07-03,SPRL_3,PSU_VP_328,41.15978,-77.899456,Chironomini,1,Larvae,Arthropoda,Insecta,Diptera,Chironomidae,Chironominae,,,,,,,,,,,,,,,,
TRUE,2023-07-03,SPRL_3,PSU_VP_329,41.15978,-77.899456,Chironomini,1,Larvae,Arthropoda,Insecta,Diptera,Chironomidae,Chironominae,,,,,,,,,,,,,,,,
TRUE,2023-07-03,SPRL_3,PSU_VP_330,41.15978,-77.899456,Chironomini,1,Larvae,Arthropoda,Insecta,Diptera,Chironomidae,Chironominae,,,,,,,,,,,,,,,,
TRUE,2023-05-24,BDEG_2,PSU_VP_331,40.80081,-77.506195,Chironomini,1,Larvae,Arthropoda,Insecta,Diptera,Chironomidae,Chironominae,,,,,,,,,,,,,,,,
TRUE,2023-05-24,BDEG_3,PSU_VP_332,40.80368,-77.499264,Chironomini,1,Larvae,Arthropoda,Insecta,Diptera,Chironomidae,Chironominae,,,,,,,,,,,,,,,,
TRUE,2023-05-24,BDEG_3,PSU_VP_333,40.80368,-77.499264,Chironomini,1,Larvae,Arthropoda,Insecta,Diptera,Chironomidae,Chironominae,,,,,,,,,,,,,,,,
TRUE,2023-05-24,BDEG_3,PSU_VP_334,40.80368,-77.499264,Chironomini,1,Larvae,Arthropoda,Insecta,Diptera,Chironomidae,Chironominae,,,,,,,,,,,,,,,,
TRUE,2023-05-17,BDEG_3,PSU_VP_335,40.80368,-77.499264,Chironomini,1,Larvae,Arthropoda,Insecta,Diptera,Chironomidae,Chironominae,,,,,,,,,,,,,,,,
TRUE,2023-05-17,BDEG_3,PSU_VP_336,40.80368,-77.499264,Chironomini,1,Larvae,Arthropoda,Insecta,Diptera,Chironomidae,Chironominae,,,,,,,,,,,,,,,,
TRUE,2023-05-17,BDEG_3,PSU_VP_337,40.80368,-77.499264,Chironomini,1,Larvae,Arthropoda,Insecta,Diptera,Chironomidae,Chironominae,,,,,,,,,,,,,,,,
TRUE,2023-05-17,BDEG_3,PSU_VP_338,40.80368,-77.499264,Chironomini,1,Larvae,Arthropoda,Insecta,Diptera,Chironomidae,Chironominae,,,,,,,,,,,,,,,,
TRUE,2023-05-17,BDEG_3,PSU_VP_339,40.80368,-77.499264,Chironomini,1,Larvae,Arthropoda,Insecta,Diptera,Chironomidae,Chironominae,,,,,,,,,,,,,,,,
TRUE,2023-05-17,BDEG_3,PSU_VP_340,40.80368,-77.499264,Chironomini,1,Larvae,Arthropoda,Insecta,Diptera,Chironomidae,Chironominae,,,,,,,,,,,,,,,,
TRUE,2023-07-05,MSHN_1,PSU_VP_341,40.84595,-78.097878,Tanypodinae,1,Larvae,Arthropoda,Insecta,Diptera,Chironomidae,Tanypodinae,,,,,,,,,,,,,,,,
TRUE,2023-07-05,MSHN_1,PSU_VP_342,40.84595,-78.097878,Tanypodinae,1,Larvae,Arthropoda,Insecta,Diptera,Chironomidae,Tanypodinae,,,,,,,,,,,,,,,,
TRUE,2023-07-05,MSHN_1,PSU_VP_343,40.84595,-78.097878,Tanypodinae,1,Larvae,Arthropoda,Insecta,Diptera,Chironomidae,Tanypodinae,,,,,,,,,,,,,,,,
TRUE,2023-07-05,MSHN_1,PSU_VP_344,40.84595,-78.097878,Tanypodinae,1,Larvae,Arthropoda,Insecta,Diptera,Chironomidae,Tanypodinae,,,,,,,,,,,,,,,,
TRUE,2023-07-05,MSHN_1,PSU_VP_345,40.84595,-78.097878,Tanypodinae,1,Larvae,Arthropoda,Insecta,Diptera,Chironomidae,Tanypodinae,,,,,,,,,,,,,,,,
TRUE,2023-07-05,MSHN_1,PSU_VP_346,40.84595,-78.097878,Tanypodinae,1,Larvae,Arthropoda,Insecta,Diptera,Chironomidae,Tanypodinae,,,,,,,,,,,,,,,,
TRUE,2023-07-05,MSHN_1,PSU_VP_347,40.84595,-78.097878,Tanypodinae,1,Larvae,Arthropoda,Insecta,Diptera,Chironomidae,Tanypodinae,,,,,,,,,,,,,,,,
TRUE,2023-07-05,MSHN_1,PSU_VP_348,40.84595,-78.097878,Tanypodinae,1,Larvae,Arthropoda,Insecta,Diptera,Chironomidae,Tanypodinae,,,,,,,,,,,,,,,,
TRUE,2023-07-05,MSHN_1,PSU_VP_349,40.84595,-78.097878,Tanypodinae,1,Larvae,Arthropoda,Insecta,Diptera,Chironomidae,Tanypodinae,,,,,,,,,,,,,,,,
TRUE,2023-07-05,MSHN_1,PSU_VP_350,40.84595,-78.097878,Tanypodinae,1,Larvae,Arthropoda,Insecta,Diptera,Chironomidae,Tanypodinae,,,,,,,,,,,,,,,,
TRUE,2023-07-05,MSHN_1,PSU_VP_351,40.84595,-78.097878,Tanypodinae,1,Larvae,Arthropoda,Insecta,Diptera,Chironomidae,Tanypodinae,,,,,,,,,,,,,,,,
TRUE,2023-07-05,MSHN_1,PSU_VP_352,40.84595,-78.097878,Tanypodinae,1,Larvae,Arthropoda,Insecta,Diptera,Chironomidae,Tanypodinae,,,,,,,,,,,,,,,,
TRUE,2023-07-05,MSHN_1,PSU_VP_353,40.84595,-78.097878,Tanypodinae,1,Larvae,Arthropoda,Insecta,Diptera,Chironomidae,Tanypodinae,,,,,,,,,,,,,,,,
TRUE,2023-07-05,MSHN_1,PSU_VP_354,40.84595,-78.097878,Tanypodinae,1,Larvae,Arthropoda,Insecta,Diptera,Chironomidae,Tanypodinae,,,,,,,,,,,,,,,,
TRUE,2023-07-05,MSHN_1,PSU_VP_355,40.84595,-78.097878,Chironomini,1,Larvae,Arthropoda,Insecta,Diptera,Chironomidae,Chironominae,,,,,,,,,,,,,,,,
TRUE,2023-07-05,MSHN_1,PSU_VP_356,40.84595,-78.097878,Tanypodinae,1,Larvae,Arthropoda,Insecta,Diptera,Chironomidae,Tanypodinae,,,,,,,,,,,,,,,,
TRUE,2023-07-05,MSHN_1,PSU_VP_357,40.84595,-78.097878,Tanypodinae,1,Larvae,Arthropoda,Insecta,Diptera,Chironomidae,Tanypodinae,,,,,,,,,,,,,,,,
TRUE,2023-07-05,MSHN_1,PSU_VP_358,40.84595,-78.097878,Tanypodinae,1,Larvae,Arthropoda,Insecta,Diptera,Chironomidae,Tanypodinae,,,,,,,,,,,,,,,,
TRUE,2023-07-05,MSHN_1,PSU_VP_359,40.84595,-78.097878,Tanypodinae,1,Larvae,Arthropoda,Insecta,Diptera,Chironomidae,Tanypodinae,,,,,,,,,,,,,,,,
TRUE,2023-07-05,MSHN_1,PSU_VP_360,40.84595,-78.097878,Tanypodinae,1,Larvae,Arthropoda,Insecta,Diptera,Chironomidae,Tanypodinae,,,,,,,,,,,,,,,,
TRUE,2023-07-05,MSHN_1,PSU_VP_361,40.84595,-78.097878,Tanypodinae,1,Larvae,Arthropoda,Insecta,Diptera,Chironomidae,Tanypodinae,,,,,,,,,,,,,,,,
TRUE,2023-07-05,MSHN_1,PSU_VP_362,40.84595,-78.097878,Tanypodinae,1,Larvae,Arthropoda,Insecta,Diptera,Chironomidae,Tanypodinae,,,,,,,,,,,,,,,,
TRUE,2023-07-05,MSHN_1,PSU_VP_363,40.84595,-78.097878,Tanypodinae,1,Larvae,Arthropoda,Insecta,Diptera,Chironomidae,Tanypodinae,,,,,,,,,,,,,,,,
TRUE,2023-07-05,MSHN_1,PSU_VP_364,40.84595,-78.097878,Tanypodinae,1,Larvae,Arthropoda,Insecta,Diptera,Chironomidae,Tanypodinae,,,,,,,,,,,,,,,,
TRUE,2023-07-05,MSHN_1,PSU_VP_365,40.84595,-78.097878,Tanypodinae,1,Larvae,Arthropoda,Insecta,Diptera,Chironomidae,Tanypodinae,,,,,,,,,,,,,,,,
TRUE,2023-07-05,MSHN_1,PSU_VP_366,40.84595,-78.097878,Tanypodinae,1,Larvae,Arthropoda,Insecta,Diptera,Chironomidae,Tanypodinae,,,,,,,,,,,,,,,,
TRUE,2023-07-05,MSHN_1,PSU_VP_367,40.84595,-78.097878,Tanypodinae,1,Larvae,Arthropoda,Insecta,Diptera,Chironomidae,Tanypodinae,,,,,,,,,,,,,,,,
TRUE,2023-07-12,BDEG_3,PSU_VP_380,40.80368,-77.499264,Gerridae,1,Adult,Arthropoda,Insecta,Hemiptera,Gerridae,,,,,,,,,,,,,,,,,
TRUE,2023-07-12,BDEG_3,PSU_VP_381,40.80368,-77.499264,Chauliodes,1,Larvae,Arthropoda,Insecta,Megaloptera,Corydalidae,Chauliodinae,Chauliodes,,,,,,,,,,,,,,,
,,,,,,,,,,,,,,,,,,,,,,,,,,,,,
,,,,,,,,,,,,,,,,,,,,,,,,,,,,,
,,,,,,,,,,,,,,,,,,,,,,,,,,,,,
,,,,,,,,,,,,,,,,,,,,,,,,,,,,,
,,,,,,,,,,,,,,,,,,,,,,,,,,,,,
,,,,,,,,,,,,,,,,,,,,,,,,,,,,,
,,,,,,,,,,,,,,,,,,,,,,,,,,,,,
,,,,,,,,,,,,,,,,,,,,,,,,,,,,,
,,,,,,,,,,,,,,,,,,,,,,,,,,,,,
,,,,,,,,,,,,,,,,,,,,,,,,,,,,,
,,,,,,,,,,,,,,,,,,,,,,,,,,,,,
,,,,,,,,,,,,,,,,,,,,,,,,,,,,,
,,,,,,,,,,,,,,,,,,,,,,,,,,,,,
,,,,,,,,,,,,,,,,,,,,,,,,,,,,,
,,,,,,,,,,,,,,,,,,,,,,,,,,,,,
,,,,,,,,,,,,,,,,,,,,,,,,,,,,,
,,,,,,,,,,,,,,,,,,,,,,,,,,,,,
,,,,,,,,,,,,,,,,,,,,,,,,,,,,,
,,,,,,,,,,,,,,,,,,,,,,,,,,,,,
,,,,,,,,,,,,,,,,,,,,,,,,,,,,,
,,,,,,,,,,,,,,,,,,,,,,,,,,,,,
,,,,,,,,,,,,,,,,,,,,,,,,,,,,,
,,,,,,,,,,,,,,,,,,,,,,,,,,,,,
,,,,,,,,,,,,,,,,,,,,,,,,,,,,,
,,,,,,,,,,,,,,,,,,,,,,,,,,,,,
,,,,,,,,,,,,,,,,,,,,,,,,,,,,,
,,,,,,,,,,,,,,,,,,,,,,,,,,,,,
,,,,,,,,,,,,,,,,,,,,,,,,,,,,,
,,,,,,,,,,,,,,,,,,,,,,,,,,,,,
,,,,,,,,,,,,,,,,,,,,,,,,,,,,,
,,,,,,,,,,,,,,,,,,,,,,,,,,,,,
,,,,,,,,,,,,,,,,,,,,,,,,,,,,,
,,,,,,,,,,,,,,,,,,,,,,,,,,,,,
,,,,,,,,,,,,,,,,,,,,,,,,,,,,,
,,,,,,,,,,,,,,,,,,,,,,,,,,,,,
,,,,,,,,,,,,,,,,,,,,,,,,,,,,,
,,,,,,,,,,,,,,,,,,,,,,,,,,,,,
,,,,,,,,,,,,,,,,,,,,,,,,,,,,,
,,,,,,,,,,,,,,,,,,,,,,,,,,,,,
,,,,,,,,,,,,,,,,,,,,,,,,,,,,,
,,,,,,,,,,,,,,,,,,,,,,,,,,,,,
,,,,,,,,,,,,,,,,,,,,,,,,,,,,,
,,,,,,,,,,,,,,,,,,,,,,,,,,,,,
,,,,,,,,,,,,,,,,,,,,,,,,,,,,,
,,,,,,,,,,,,,,,,,,,,,,,,,,,,,
,,,,,,,,,,,,,,,,,,,,,,,,,,,,,
,,,,,,,,,,,,,,,,,,,,,,,,,,,,,
,,,,,,,,,,,,,,,,,,,,,,,,,,,,,
,,,,,,,,,,,,,,,,,,,,,,,,,,,,,
,,,,,,,,,,,,,,,,,,,,,,,,,,,,,
,,,,,,,,,,,,,,,,,,,,,,,,,,,,,
,,,,,,,,,,,,,,,,,,,,,,,,,,,,,
,,,,,,,,,,,,,,,,,,,,,,,,,,,,,
,,,,,,,,,,,,,,,,,,,,,,,,,,,,,
,,,,,,,,,,,,,,,,,,,,,,,,,,,,,
,,,,,,,,,,,,,,,,,,,,,,,,,,,,,
,,,,,,,,,,,,,,,,,,,,,,,,,,,,,
,,,,,,,,,,,,,,,,,,,,,,,,,,,,,
,,,,,,,,,,,,,,,,,,,,,,,,,,,,,
,,,,,,,,,,,,,,,,,,,,,,,,,,,,,
,,,,,,,,,,,,,,,,,,,,,,,,,,,,,
,,,,,,,,,,,,,,,,,,,,,,,,,,,,,
,,,,,,,,,,,,,,,,,,,,,,,,,,,,,
,,,,,,,,,,,,,,,,,,,,,,,,,,,,,
,,,,,,,,,,,,,,,,,,,,,,,,,,,,,
,,,,,,,,,,,,,,,,,,,,,,,,,,,,,
,,,,,,,,,,,,,,,,,,,,,,,,,,,,,
,,,,,,,,,,,,,,,,,,,,,,,,,,,,,
,,,,,,,,,,,,,,,,,,,,,,,,,,,,,
,,,,,,,,,,,,,,,,,,,,,,,,,,,,,
,,,,,,,,,,,,,,,,,,,,,,,,,,,,,
,,,,,,,,,,,,,,,,,,,,,,,,,,,,,
,,,,,,,,,,,,,,,,,,,,,,,,,,,,,
,,,,,,,,,,,,,,,,,,,,,,,,,,,,,
,,,,,,,,,,,,,,,,,,,,,,,,,,,,,
,,,,,,,,,,,,,,,,,,,,,,,,,,,,,
,,,,,,,,,,,,,,,,,,,,,,,,,,,,,
,,,,,,,,,,,,,,,,,,,,,,,,,,,,,
,,,,,,,,,,,,,,,,,,,,,,,,,,,,,
,,,,,,,,,,,,,,,,,,,,,,,,,,,,,
,,,,,,,,,,,,,,,,,,,,,,,,,,,,,
,,,,,,,,,,,,,,,,,,,,,,,,,,,,,
,,,,,,,,,,,,,,,,,,,,,,,,,,,,,
,,,,,,,,,,,,,,,,,,,,,,,,,,,,,
,,,,,,,,,,,,,,,,,,,,,,,,,,,,,
,,,,,,,,,,,,,,,,,,,,,,,,,,,,,
,,,,,,,,,,,,,,,,,,,,,,,,,,,,,
,,,,,,,,,,,,,,,,,,,,,,,,,,,,,
,,,,,,,,,,,,,,,,,,,,,,,,,,,,,
,,,,,,,,,,,,,,,,,,,,,,,,,,,,,
,,,,,,,,,,,,,,,,,,,,,,,,,,,,,
,,,,,,,,,,,,,,,,,,,,,,,,,,,,,
,,,,,,,,,,,,,,,,,,,,,,,,,,,,,
,,,,,,,,,,,,,,,,,,,,,,,,,,,,,
,,,,,,,,,,,,,,,,,,,,,,,,,,,,,
,,,,,,,,,,,,,,,,,,,,,,,,,,,,,
,,,,,,,,,,,,,,,,,,,,,,,,,,,,,
,,,,,,,,,,,,,,,,,,,,,,,,,,,,,
,,,,,,,,,,,,,,,,,,,,,,,,,,,,,
,,,,,,,,,,,,,,,,,,,,,,,,,,,,,
,,,,,,,,,,,,,,,,,,,,,,,,,,,,,
,,,,,,,,,,,,,,,,,,,,,,,,,,,,,
,,,,,,,,,,,,,,,,,,,,,,,,,,,,,
,,,,,,,,,,,,,,,,,,,,,,,,,,,,,
,,,,,,,,,,,,,,,,,,,,,,,,,,,,,
,,,,,,,,,,,,,,,,,,,,,,,,,,,,,
,,,,,,,,,,,,,,,,,,,,,,,,,,,,,
,,,,,,,,,,,,,,,,,,,,,,,,,,,,,
,,,,,,,,,,,,,,,,,,,,,,,,,,,,,
,,,,,,,,,,,,,,,,,,,,,,,,,,,,,
,,,,,,,,,,,,,,,,,,,,,,,,,,,,,
,,,,,,,,,,,,,,,,,,,,,,,,,,,,,
,,,,,,,,,,,,,,,,,,,,,,,,,,,,,
,,,,,,,,,,,,,,,,,,,,,,,,,,,,,
,,,,,,,,,,,,,,,,,,,,,,,,,,,,,
,,,,,,,,,,,,,,,,,,,,,,,,,,,,,
,,,,,,,,,,,,,,,,,,,,,,,,,,,,,
,,,,,,,,,,,,,,,,,,,,,,,,,,,,,
,,,,,,,,,,,,,,,,,,,,,,,,,,,,,
,,,,,,,,,,,,,,,,,,,,,,,,,,,,,
,,,,,,,,,,,,,,,,,,,,,,,,,,,,,
,,,,,,,,,,,,,,,,,,,,,,,,,,,,,
,,,,,,,,,,,,,,,,,,,,,,,,,,,,,
,,,,,,,,,,,,,,,,,,,,,,,,,,,,,
,,,,,,,,,,,,,,,,,,,,,,,,,,,,,
,,,,,,,,,,,,,,,,,,,,,,,,,,,,,
,,,,,,,,,,,,,,,,,,,,,,,,,,,,,
,,,,,,,,,,,,,,,,,,,,,,,,,,,,,
,,,,,,,,,,,,,,,,,,,,,,,,,,,,,
,,,,,,,,,,,,,,,,,,,,,,,,,,,,,
,,,,,,,,,,,,,,,,,,,,,,,,,,,,,
,,,,,,,,,,,,,,,,,,,,,,,,,,,,,
,,,,,,,,,,,,,,,,,,,,,,,,,,,,,
,,,,,,,,,,,,,,,,,,,,,,,,,,,,,
,,,,,,,,,,,,,,,,,,,,,,,,,,,,,
,,,,,,,,,,,,,,,,,,,,,,,,,,,,,
,,,,,,,,,,,,,,,,,,,,,,,,,,,,,
,,,,,,,,,,,,,,,,,,,,,,,,,,,,,
,,,,,,,,,,,,,,,,,,,,,,,,,,,,,
,,,,,,,,,,,,,,,,,,,,,,,,,,,,,
,,,,,,,,,,,,,,,,,,,,,,,,,,,,,
,,,,,,,,,,,,,,,,,,,,,,,,,,,,,
,,,,,,,,,,,,,,,,,,,,,,,,,,,,,
,,,,,,,,,,,,,,,,,,,,,,,,,,,,,
,,,,,,,,,,,,,,,,,,,,,,,,,,,,,
,,,,,,,,,,,,,,,,,,,,,,,,,,,,,
,,,,,,,,,,,,,,,,,,,,,,,,,,,,,
,,,,,,,,,,,,,,,,,,,,,,,,,,,,,
,,,,,,,,,,,,,,,,,,,,,,,,,,,,,
,,,,,,,,,,,,,,,,,,,,,,,,,,,,,
,,,,,,,,,,,,,,,,,,,,,,,,,,,,,
,,,,,,,,,,,,,,,,,,,,,,,,,,,,,
,,,,,,,,,,,,,,,,,,,,,,,,,,,,,
,,,,,,,,,,,,,,,,,,,,,,,,,,,,,
,,,,,,,,,,,,,,,,,,,,,,,,,,,,,
,,,,,,,,,,,,,,,,,,,,,,,,,,,,,
,,,,,,,,,,,,,,,,,,,,,,,,,,,,,
,,,,,,,,,,,,,,,,,,,,,,,,,,,,,
,,,,,,,,,,,,,,,,,,,,,,,,,,,,,
,,,,,,,,,,,,,,,,,,,,,,,,,,,,,
,,,,,,,,,,,,,,,,,,,,,,,,,,,,,
,,,,,,,,,,,,,,,,,,,,,,,,,,,,,
,,,,,,,,,,,,,,,,,,,,,,,,,,,,,
,,,,,,,,,,,,,,,,,,,,,,,,,,,,,
,,,,,,,,,,,,,,,,,,,,,,,,,,,,,
,,,,,,,,,,,,,,,,,,,,,,,,,,,,,
,,,,,,,,,,,,,,,,,,,,,,,,,,,,,
,,,,,,,,,,,,,,,,,,,,,,,,,,,,,
,,,,,,,,,,,,,,,,,,,,,,,,,,,,,
,,,,,,,,,,,,,,,,,,,,,,,,,,,,,
,,,,,,,,,,,,,,,,,,,,,,,,,,,,,
,,,,,,,,,,,,,,,,,,,,,,,,,,,,,
,,,,,,,,,,,,,,,,,,,,,,,,,,,,,
,,,,,,,,,,,,,,,,,,,,,,,,,,,,,
,,,,,,,,,,,,,,,,,,,,,,,,,,,,,
,,,,,,,,,,,,,,,,,,,,,,,,,,,,,
,,,,,,,,,,,,,,,,,,,,,,,,,,,,,
,,,,,,,,,,,,,,,,,,,,,,,,,,,,,
,,,,,,,,,,,,,,,,,,,,,,,,,,,,,
,,,,,,,,,,,,,,,,,,,,,,,,,,,,,
,,,,,,,,,,,,,,,,,,,,,,,,,,,,,
,,,,,,,,,,,,,,,,,,,,,,,,,,,,,
,,,,,,,,,,,,,,,,,,,,,,,,,,,,,
,,,,,,,,,,,,,,,,,,,,,,,,,,,,,
,,,,,,,,,,,,,,,,,,,,,,,,,,,,,
,,,,,,,,,,,,,,,,,,,,,,,,,,,,,
,,,,,,,,,,,,,,,,,,,,,,,,,,,,,
,,,,,,,,,,,,,,,,,,,,,,,,,,,,,
,,,,,,,,,,,,,,,,,,,,,,,,,,,,,
,,,,,,,,,,,,,,,,,,,,,,,,,,,,,
,,,,,,,,,,,,,,,,,,,,,,,,,,,,,
,,,,,,,,,,,,,,,,,,,,,,,,,,,,,
,,,,,,,,,,,,,,,,,,,,,,,,,,,,,
,,,,,,,,,,,,,,,,,,,,,,,,,,,,,
,,,,,,,,,,,,,,,,,,,,,,,,,,,,,
,,,,,,,,,,,,,,,,,,,,,,,,,,,,,
,,,,,,,,,,,,,,,,,,,,,,,,,,,,,
,,,,,,,,,,,,,,,,,,,,,,,,,,,,,
,,,,,,,,,,,,,,,,,,,,,,,,,,,,,
,,,,,,,,,,,,,,,,,,,,,,,,,,,,,
,,,,,,,,,,,,,,,,,,,,,,,,,,,,,
,,,,,,,,,,,,,,,,,,,,,,,,,,,,,
,,,,,,,,,,,,,,,,,,,,,,,,,,,,,
,,,,,,,,,,,,,,,,,,,,,,,,,,,,,
,,,,,,,,,,,,,,,,,,,,,,,,,,,,,
,,,,,,,,,,,,,,,,,,,,,,,,,,,,,
,,,,,,,,,,,,,,,,,,,,,,,,,,,,,
,,,,,,,,,,,,,,,,,,,,,,,,,,,,,
,,,,,,,,,,,,,,,,,,,,,,,,,,,,,
,,,,,,,,,,,,,,,,,,,,,,,,,,,,,
,,,,,,,,,,,,,,,,,,,,,,,,,,,,,
,,,,,,,,,,,,,,,,,,,,,,,,,,,,,
,,,,,,,,,,,,,,,,,,,,,,,,,,,,,
,,,,,,,,,,,,,,,,,,,,,,,,,,,,,
,,,,,,,,,,,,,,,,,,,,,,,,,,,,,
,,,,,,,,,,,,,,,,,,,,,,,,,,,,,
,,,,,,,,,,,,,,,,,,,,,,,,,,,,,
,,,,,,,,,,,,,,,,,,,,,,,,,,,,,
,,,,,,,,,,,,,,,,,,,,,,,,,,,,,
,,,,,,,,,,,,,,,,,,,,,,,,,,,,,
,,,,,,,,,,,,,,,,,,,,,,,,,,,,,
,,,,,,,,,,,,,,,,,,,,,,,,,,,,,
,,,,,,,,,,,,,,,,,,,,,,,,,,,,,
,,,,,,,,,,,,,,,,,,,,,,,,,,,,,
,,,,,,,,,,,,,,,,,,,,,,,,,,,,,
,,,,,,,,,,,,,,,,,,,,,,,,,,,,,
,,,,,,,,,,,,,,,,,,,,,,,,,,,,,
,,,,,,,,,,,,,,,,,,,,,,,,,,,,,
,,,,,,,,,,,,,,,,,,,,,,,,,,,,,
,,,,,,,,,,,,,,,,,,,,,,,,,,,,,
,,,,,,,,,,,,,,,,,,,,,,,,,,,,,
,,,,,,,,,,,,,,,,,,,,,,,,,,,,,
,,,,,,,,,,,,,,,,,,,,,,,,,,,,,
,,,,,,,,,,,,,,,,,,,,,,,,,,,,,
,,,,,,,,,,,,,,,,,,,,,,,,,,,,,
,,,,,,,,,,,,,,,,,,,,,,,,,,,,,
,,,,,,,,,,,,,,,,,,,,,,,,,,,,,
,,,,,,,,,,,,,,,,,,,,,,,,,,,,,
,,,,,,,,,,,,,,,,,,,,,,,,,,,,,
,,,,,,,,,,,,,,,,,,,,,,,,,,,,,
,,,,,,,,,,,,,,,,,,,,,,,,,,,,,
,,,,,,,,,,,,,,,,,,,,,,,,,,,,,
,,,,,,,,,,,,,,,,,,,,,,,,,,,,,
,,,,,,,,,,,,,,,,,,,,,,,,,,,,,
,,,,,,,,,,,,,,,,,,,,,,,,,,,,,
,,,,,,,,,,,,,,,,,,,,,,,,,,,,,
,,,,,,,,,,,,,,,,,,,,,,,,,,,,,
,,,,,,,,,,,,,,,,,,,,,,,,,,,,,
,,,,,,,,,,,,,,,,,,,,,,,,,,,,,
,,,,,,,,,,,,,,,,,,,,,,,,,,,,,
,,,,,,,,,,,,,,,,,,,,,,,,,,,,,
,,,,,,,,,,,,,,,,,,,,,,,,,,,,,
,,,,,,,,,,,,,,,,,,,,,,,,,,,,,
,,,,,,,,,,,,,,,,,,,,,,,,,,,,,
,,,,,,,,,,,,,,,,,,,,,,,,,,,,,
,,,,,,,,,,,,,,,,,,,,,,,,,,,,,
,,,,,,,,,,,,,,,,,,,,,,,,,,,,,
,,,,,,,,,,,,,,,,,,,,,,,,,,,,,
,,,,,,,,,,,,,,,,,,,,,,,,,,,,,
,,,,,,,,,,,,,,,,,,,,,,,,,,,,,
,,,,,,,,,,,,,,,,,,,,,,,,,,,,,
,,,,,,,,,,,,,,,,,,,,,,,,,,,,,
,,,,,,,,,,,,,,,,,,,,,,,,,,,,,
,,,,,,,,,,,,,,,,,,,,,,,,,,,,,
,,,,,,,,,,,,,,,,,,,,,,,,,,,,,
,,,,,,,,,,,,,,,,,,,,,,,,,,,,,
,,,,,,,,,,,,,,,,,,,,,,,,,,,,,
,,,,,,,,,,,,,,,,,,,,,,,,,,,,,
,,,,,,,,,,,,,,,,,,,,,,,,,,,,,
,,,,,,,,,,,,,,,,,,,,,,,,,,,,,
,,,,,,,,,,,,,,,,,,,,,,,,,,,,,
,,,,,,,,,,,,,,,,,,,,,,,,,,,,,
,,,,,,,,,,,,,,,,,,,,,,,,,,,,,
,,,,,,,,,,,,,,,,,,,,,,,,,,,,,
,,,,,,,,,,,,,,,,,,,,,,,,,,,,,
,,,,,,,,,,,,,,,,,,,,,,,,,,,,,
,,,,,,,,,,,,,,,,,,,,,,,,,,,,,
,,,,,,,,,,,,,,,,,,,,,,,,,,,,,
,,,,,,,,,,,,,,,,,,,,,,,,,,,,,
,,,,,,,,,,,,,,,,,,,,,,,,,,,,,
,,,,,,,,,,,,,,,,,,,,,,,,,,,,,
,,,,,,,,,,,,,,,,,,,,,,,,,,,,,
,,,,,,,,,,,,,,,,,,,,,,,,,,,,,
,,,,,,,,,,,,,,,,,,,,,,,,,,,,,
,,,,,,,,,,,,,,,,,,,,,,,,,,,,,
,,,,,,,,,,,,,,,,,,,,,,,,,,,,,
,,,,,,,,,,,,,,,,,,,,,,,,,,,,,
,,,,,,,,,,,,,,,,,,,,,,,,,,,,,
,,,,,,,,,,,,,,,,,,,,,,,,,,,,,
,,,,,,,,,,,,,,,,,,,,,,,,,,,,,
,,,,,,,,,,,,,,,,,,,,,,,,,,,,,
,,,,,,,,,,,,,,,,,,,,,,,,,,,,,
,,,,,,,,,,,,,,,,,,,,,,,,,,,,,
,,,,,,,,,,,,,,,,,,,,,,,,,,,,,
,,,,,,,,,,,,,,,,,,,,,,,,,,,,,
,,,,,,,,,,,,,,,,,,,,,,,,,,,,,
,,,,,,,,,,,,,,,,,,,,,,,,,,,,,
,,,,,,,,,,,,,,,,,,,,,,,,,,,,,
,,,,,,,,,,,,,,,,,,,,,,,,,,,,,
,,,,,,,,,,,,,,,,,,,,,,,,,,,,,
,,,,,,,,,,,,,,,,,,,,,,,,,,,,,
,,,,,,,,,,,,,,,,,,,,,,,,,,,,,
,,,,,,,,,,,,,,,,,,,,,,,,,,,,,
,,,,,,,,,,,,,,,,,,,,,,,,,,,,,
,,,,,,,,,,,,,,,,,,,,,,,,,,,,,
,,,,,,,,,,,,,,,,,,,,,,,,,,,,,
,,,,,,,,,,,,,,,,,,,,,,,,,,,,,
,,,,,,,,,,,,,,,,,,,,,,,,,,,,,
,,,,,,,,,,,,,,,,,,,,,,,,,,,,,
,,,,,,,,,,,,,,,,,,,,,,,,,,,,,
,,,,,,,,,,,,,,,,,,,,,,,,,,,,,
,,,,,,,,,,,,,,,,,,,,,,,,,,,,,
,,,,,,,,,,,,,,,,,,,,,,,,,,,,,
,,,,,,,,,,,,,,,,,,,,,,,,,,,,,
,,,,,,,,,,,,,,,,,,,,,,,,,,,,,
,,,,,,,,,,,,,,,,,,,,,,,,,,,,,
,,,,,,,,,,,,,,,,,,,,,,,,,,,,,
,,,,,,,,,,,,,,,,,,,,,,,,,,,,,
,,,,,,,,,,,,,,,,,,,,,,,,,,,,,
,,,,,,,,,,,,,,,,,,,,,,,,,,,,,
,,,,,,,,,,,,,,,,,,,,,,,,,,,,,
,,,,,,,,,,,,,,,,,,,,,,,,,,,,,
,,,,,,,,,,,,,,,,,,,,,,,,,,,,,
,,,,,,,,,,,,,,,,,,,,,,,,,,,,,
,,,,,,,,,,,,,,,,,,,,,,,,,,,,,
,,,,,,,,,,,,,,,,,,,,,,,,,,,,,
,,,,,,,,,,,,,,,,,,,,,,,,,,,,,
,,,,,,,,,,,,,,,,,,,,,,,,,,,,,
,,,,,,,,,,,,,,,,,,,,,,,,,,,,,
,,,,,,,,,,,,,,,,,,,,,,,,,,,,,
,,,,,,,,,,,,,,,,,,,,,,,,,,,,,
,,,,,,,,,,,,,,,,,,,,,,,,,,,,,
,,,,,,,,,,,,,,,,,,,,,,,,,,,,,
,,,,,,,,,,,,,,,,,,,,,,,,,,,,,
,,,,,,,,,,,,,,,,,,,,,,,,,,,,,
,,,,,,,,,,,,,,,,,,,,,,,,,,,,,
,,,,,,,,,,,,,,,,,,,,,,,,,,,,,
,,,,,,,,,,,,,,,,,,,,,,,,,,,,,
,,,,,,,,,,,,,,,,,,,,,,,,,,,,,
,,,,,,,,,,,,,,,,,,,,,,,,,,,,,
,,,,,,,,,,,,,,,,,,,,,,,,,,,,,
,,,,,,,,,,,,,,,,,,,,,,,,,,,,,
,,,,,,,,,,,,,,,,,,,,,,,,,,,,,
,,,,,,,,,,,,,,,,,,,,,,,,,,,,,
,,,,,,,,,,,,,,,,,,,,,,,,,,,,,
,,,,,,,,,,,,,,,,,,,,,,,,,,,,,
,,,,,,,,,,,,,,,,,,,,,,,,,,,,,
,,,,,,,,,,,,,,,,,,,,,,,,,,,,,
,,,,,,,,,,,,,,,,,,,,,,,,,,,,,
,,,,,,,,,,,,,,,,,,,,,,,,,,,,,
,,,,,,,,,,,,,,,,,,,,,,,,,,,,,
,,,,,,,,,,,,,,,,,,,,,,,,,,,,,
,,,,,,,,,,,,,,,,,,,,,,,,,,,,,
,,,,,,,,,,,,,,,,,,,,,,,,,,,,,
,,,,,,,,,,,,,,,,,,,,,,,,,,,,,
,,,,,,,,,,,,,,,,,,,,,,,,,,,,,
,,,,,,,,,,,,,,,,,,,,,,,,,,,,,
,,,,,,,,,,,,,,,,,,,,,,,,,,,,,
,,,,,,,,,,,,,,,,,,,,,,,,,,,,,
,,,,,,,,,,,,,,,,,,,,,,,,,,,,,
,,,,,,,,,,,,,,,,,,,,,,,,,,,,,
,,,,,,,,,,,,,,,,,,,,,,,,,,,,,
,,,,,,,,,,,,,,,,,,,,,,,,,,,,,
,,,,,,,,,,,,,,,,,,,,,,,,,,,,,
,,,,,,,,,,,,,,,,,,,,,,,,,,,,,
,,,,,,,,,,,,,,,,,,,,,,,,,,,,,
,,,,,,,,,,,,,,,,,,,,,,,,,,,,,
,,,,,,,,,,,,,,,,,,,,,,,,,,,,,
,,,,,,,,,,,,,,,,,,,,,,,,,,,,,
,,,,,,,,,,,,,,,,,,,,,,,,,,,,,
,,,,,,,,,,,,,,,,,,,,,,,,,,,,,
,,,,,,,,,,,,,,,,,,,,,,,,,,,,,
,,,,,,,,,,,,,,,,,,,,,,,,,,,,,
,,,,,,,,,,,,,,,,,,,,,,,,,,,,,
,,,,,,,,,,,,,,,,,,,,,,,,,,,,,
,,,,,,,,,,,,,,,,,,,,,,,,,,,,,
,,,,,,,,,,,,,,,,,,,,,,,,,,,,,
,,,,,,,,,,,,,,,,,,,,,,,,,,,,,
,,,,,,,,,,,,,,,,,,,,,,,,,,,,,
,,,,,,,,,,,,,,,,,,,,,,,,,,,,,
,,,,,,,,,,,,,,,,,,,,,,,,,,,,,
,,,,,,,,,,,,,,,,,,,,,,,,,,,,,
,,,,,,,,,,,,,,,,,,,,,,,,,,,,,
,,,,,,,,,,,,,,,,,,,,,,,,,,,,,
,,,,,,,,,,,,,,,,,,,,,,,,,,,,,
,,,,,,,,,,,,,,,,,,,,,,,,,,,,,
,,,,,,,,,,,,,,,,,,,,,,,,,,,,,
,,,,,,,,,,,,,,,,,,,,,,,,,,,,,
,,,,,,,,,,,,,,,,,,,,,,,,,,,,,
,,,,,,,,,,,,,,,,,,,,,,,,,,,,,
,,,,,,,,,,,,,,,,,,,,,,,,,,,,,
,,,,,,,,,,,,,,,,,,,,,,,,,,,,,
,,,,,,,,,,,,,,,,,,,,,,,,,,,,,
,,,,,,,,,,,,,,,,,,,,,,,,,,,,,
,,,,,,,,,,,,,,,,,,,,,,,,,,,,,
,,,,,,,,,,,,,,,,,,,,,,,,,,,,,
,,,,,,,,,,,,,,,,,,,,,,,,,,,,,
,,,,,,,,,,,,,,,,,,,,,,,,,,,,,
,,,,,,,,,,,,,,,,,,,,,,,,,,,,,
,,,,,,,,,,,,,,,,,,,,,,,,,,,,,
,,,,,,,,,,,,,,,,,,,,,,,,,,,,,
,,,,,,,,,,,,,,,,,,,,,,,,,,,,,
,,,,,,,,,,,,,,,,,,,,,,,,,,,,,
,,,,,,,,,,,,,,,,,,,,,,,,,,,,,
,,,,,,,,,,,,,,,,,,,,,,,,,,,,,
,,,,,,,,,,,,,,,,,,,,,,,,,,,,,
,,,,,,,,,,,,,,,,,,,,,,,,,,,,,
,,,,,,,,,,,,,,,,,,,,,,,,,,,,,
,,,,,,,,,,,,,,,,,,,,,,,,,,,,,
,,,,,,,,,,,,,,,,,,,,,,,,,,,,,
,,,,,,,,,,,,,,,,,,,,,,,,,,,,,
,,,,,,,,,,,,,,,,,,,,,,,,,,,,,
,,,,,,,,,,,,,,,,,,,,,,,,,,,,,
,,,,,,,,,,,,,,,,,,,,,,,,,,,,,
,,,,,,,,,,,,,,,,,,,,,,,,,,,,,
,,,,,,,,,,,,,,,,,,,,,,,,,,,,,
,,,,,,,,,,,,,,,,,,,,,,,,,,,,,
,,,,,,,,,,,,,,,,,,,,,,,,,,,,,
,,,,,,,,,,,,,,,,,,,,,,,,,,,,,
,,,,,,,,,,,,,,,,,,,,,,,,,,,,,
,,,,,,,,,,,,,,,,,,,,,,,,,,,,,
,,,,,,,,,,,,,,,,,,,,,,,,,,,,,
,,,,,,,,,,,,,,,,,,,,,,,,,,,,,
,,,,,,,,,,,,,,,,,,,,,,,,,,,,,
,,,,,,,,,,,,,,,,,,,,,,,,,,,,,
,,,,,,,,,,,,,,,,,,,,,,,,,,,,,
,,,,,,,,,,,,,,,,,,,,,,,,,,,,,
,,,,,,,,,,,,,,,,,,,,,,,,,,,,,
,,,,,,,,,,,,,,,,,,,,,,,,,,,,,
,,,,,,,,,,,,,,,,,,,,,,,,,,,,,
,,,,,,,,,,,,,,,,,,,,,,,,,,,,,
,,,,,,,,,,,,,,,,,,,,,,,,,,,,,
,,,,,,,,,,,,,,,,,,,,,,,,,,,,,
,,,,,,,,,,,,,,,,,,,,,,,,,,,,,
,,,,,,,,,,,,,,,,,,,,,,,,,,,,,
,,,,,,,,,,,,,,,,,,,,,,,,,,,,,
,,,,,,,,,,,,,,,,,,,,,,,,,,,,,
,,,,,,,,,,,,,,,,,,,,,,,,,,,,,
,,,,,,,,,,,,,,,,,,,,,,,,,,,,,
,,,,,,,,,,,,,,,,,,,,,,,,,,,,,
,,,,,,,,,,,,,,,,,,,,,,,,,,,,,
,,,,,,,,,,,,,,,,,,,,,,,,,,,,,
,,,,,,,,,,,,,,,,,,,,,,,,,,,,,
,,,,,,,,,,,,,,,,,,,,,,,,,,,,,
,,,,,,,,,,,,,,,,,,,,,,,,,,,,,
,,,,,,,,,,,,,,,,,,,,,,,,,,,,,
,,,,,,,,,,,,,,,,,,,,,,,,,,,,,
,,,,,,,,,,,,,,,,,,,,,,,,,,,,,
,,,,,,,,,,,,,,,,,,,,,,,,,,,,,
,,,,,,,,,,,,,,,,,,,,,,,,,,,,,
,,,,,,,,,,,,,,,,,,,,,,,,,,,,,
,,,,,,,,,,,,,,,,,,,,,,,,,,,,,
,,,,,,,,,,,,,,,,,,,,,,,,,,,,,
,,,,,,,,,,,,,,,,,,,,,,,,,,,,,
,,,,,,,,,,,,,,,,,,,,,,,,,,,,,
,,,,,,,,,,,,,,,,,,,,,,,,,,,,,
,,,,,,,,,,,,,,,,,,,,,,,,,,,,,
,,,,,,,,,,,,,,,,,,,,,,,,,,,,,
,,,,,,,,,,,,,,,,,,,,,,,,,,,,,
,,,,,,,,,,,,,,,,,,,,,,,,,,,,,
,,,,,,,,,,,,,,,,,,,,,,,,,,,,,
,,,,,,,,,,,,,,,,,,,,,,,,,,,,,
,,,,,,,,,,,,,,,,,,,,,,,,,,,,,
,,,,,,,,,,,,,,,,,,,,,,,,,,,,,
,,,,,,,,,,,,,,,,,,,,,,,,,,,,,
,,,,,,,,,,,,,,,,,,,,,,,,,,,,,
,,,,,,,,,,,,,,,,,,,,,,,,,,,,,
,,,,,,,,,,,,,,,,,,,,,,,,,,,,,
,,,,,,,,,,,,,,,,,,,,,,,,,,,,,
,,,,,,,,,,,,,,,,,,,,,,,,,,,,,
,,,,,,,,,,,,,,,,,,,,,,,,,,,,,
,,,,,,,,,,,,,,,,,,,,,,,,,,,,,
,,,,,,,,,,,,,,,,,,,,,,,,,,,,,
,,,,,,,,,,,,,,,,,,,,,,,,,,,,,
,,,,,,,,,,,,,,,,,,,,,,,,,,,,,
,,,,,,,,,,,,,,,,,,,,,,,,,,,,,
,,,,,,,,,,,,,,,,,,,,,,,,,,,,,
,,,,,,,,,,,,,,,,,,,,,,,,,,,,,
,,,,,,,,,,,,,,,,,,,,,,,,,,,,,
,,,,,,,,,,,,,,,,,,,,,,,,,,,,,
,,,,,,,,,,,,,,,,,,,,,,,,,,,,,
,,,,,,,,,,,,,,,,,,,,,,,,,,,,,
,,,,,,,,,,,,,,,,,,,,,,,,,,,,,
,,,,,,,,,,,,,,,,,,,,,,,,,,,,,
,,,,,,,,,,,,,,,,,,,,,,,,,,,,,
,,,,,,,,,,,,,,,,,,,,,,,,,,,,,
,,,,,,,,,,,,,,,,,,,,,,,,,,,,,
,,,,,,,,,,,,,,,,,,,,,,,,,,,,,
,,,,,,,,,,,,,,,,,,,,,,,,,,,,,
,,,,,,,,,,,,,,,,,,,,,,,,,,,,,
,,,,,,,,,,,,,,,,,,,,,,,,,,,,,
,,,,,,,,,,,,,,,,,,,,,,,,,,,,,
,,,,,,,,,,,,,,,,,,,,,,,,,,,,,
,,,,,,,,,,,,,,,,,,,,,,,,,,,,,
,,,,,,,,,,,,,,,,,,,,,,,,,,,,,
,,,,,,,,,,,,,,,,,,,,,,,,,,,,,
,,,,,,,,,,,,,,,,,,,,,,,,,,,,,
,,,,,,,,,,,,,,,,,,,,,,,,,,,,,
,,,,,,,,,,,,,,,,,,,,,,,,,,,,,
,,,,,,,,,,,,,,,,,,,,,,,,,,,,,
,,,,,,,,,,,,,,,,,,,,,,,,,,,,,
,,,,,,,,,,,,,,,,,,,,,,,,,,,,,
,,,,,,,,,,,,,,,,,,,,,,,,,,,,,
,,,,,,,,,,,,,,,,,,,,,,,,,,,,,
,,,,,,,,,,,,,,,,,,,,,,,,,,,,,
,,,,,,,,,,,,,,,,,,,,,,,,,,,,,
,,,,,,,,,,,,,,,,,,,,,,,,,,,,,
,,,,,,,,,,,,,,,,,,,,,,,,,,,,,
,,,,,,,,,,,,,,,,,,,,,,,,,,,,,
,,,,,,,,,,,,,,,,,,,,,,,,,,,,,
,,,,,,,,,,,,,,,,,,,,,,,,,,,,,
,,,,,,,,,,,,,,,,,,,,,,,,,,,,,
,,,,,,,,,,,,,,,,,,,,,,,,,,,,,
,,,,,,,,,,,,,,,,,,,,,,,,,,,,,
,,,,,,,,,,,,,,,,,,,,,,,,,,,,,
,,,,,,,,,,,,,,,,,,,,,,,,,,,,,
,,,,,,,,,,,,,,,,,,,,,,,,,,,,,
,,,,,,,,,,,,,,,,,,,,,,,,,,,,,
,,,,,,,,,,,,,,,,,,,,,,,,,,,,,
,,,,,,,,,,,,,,,,,,,,,,,,,,,,,
,,,,,,,,,,,,,,,,,,,,,,,,,,,,,
,,,,,,,,,,,,,,,,,,,,,,,,,,,,,
,,,,,,,,,,,,,,,,,,,,,,,,,,,,,
,,,,,,,,,,,,,,,,,,,,,,,,,,,,,
,,,,,,,,,,,,,,,,,,,,,,,,,,,,,
,,,,,,,,,,,,,,,,,,,,,,,,,,,,,
,,,,,,,,,,,,,,,,,,,,,,,,,,,,,
,,,,,,,,,,,,,,,,,,,,,,,,,,,,,
,,,,,,,,,,,,,,,,,,,,,,,,,,,,,
,,,,,,,,,,,,,,,,,,,,,,,,,,,,,
,,,,,,,,,,,,,,,,,,,,,,,,,,,,,
,,,,,,,,,,,,,,,,,,,,,,,,,,,,,
,,,,,,,,,,,,,,,,,,,,,,,,,,,,,
,,,,,,,,,,,,,,,,,,,,,,,,,,,,,
,,,,,,,,,,,,,,,,,,,,,,,,,,,,,
,,,,,,,,,,,,,,,,,,,,,,,,,,,,,
,,,,,,,,,,,,,,,,,,,,,,,,,,,,,
,,,,,,,,,,,,,,,,,,,,,,,,,,,,,
,,,,,,,,,,,,,,,,,,,,,,,,,,,,,
,,,,,,,,,,,,,,,,,,,,,,,,,,,,,
,,,,,,,,,,,,,,,,,,,,,,,,,,,,,
,,,,,,,,,,,,,,,,,,,,,,,,,,,,,
,,,,,,,,,,,,,,,,,,,,,,,,,,,,,
,,,,,,,,,,,,,,,,,,,,,,,,,,,,,
,,,,,,,,,,,,,,,,,,,,,,,,,,,,,
,,,,,,,,,,,,,,,,,,,,,,,,,,,,,
,,,,,,,,,,,,,,,,,,,,,,,,,,,,,
,,,,,,,,,,,,,,,,,,,,,,,,,,,,,
,,,,,,,,,,,,,,,,,,,,,,,,,,,,,
,,,,,,,,,,,,,,,,,,,,,,,,,,,,,
,,,,,,,,,,,,,,,,,,,,,,,,,,,,,
,,,,,,,,,,,,,,,,,,,,,,,,,,,,,
,,,,,,,,,,,,,,,,,,,,,,,,,,,,,
,,,,,,,,,,,,,,,,,,,,,,,,,,,,,
,,,,,,,,,,,,,,,,,,,,,,,,,,,,,
,,,,,,,,,,,,,,,,,,,,,,,,,,,,,
,,,,,,,,,,,,,,,,,,,,,,,,,,,,,
,,,,,,,,,,,,,,,,,,,,,,,,,,,,,
,,,,,,,,,,,,,,,,,,,,,,,,,,,,,
,,,,,,,,,,,,,,,,,,,,,,,,,,,,,
,,,,,,,,,,,,,,,,,,,,,,,,,,,,,
,,,,,,,,,,,,,,,,,,,,,,,,,,,,,
,,,,,,,,,,,,,,,,,,,,,,,,,,,,,
,,,,,,,,,,,,,,,,,,,,,,,,,,,,,
,,,,,,,,,,,,,,,,,,,,,,,,,,,,,
,,,,,,,,,,,,,,,,,,,,,,,,,,,,,
,,,,,,,,,,,,,,,,,,,,,,,,,,,,,
,,,,,,,,,,,,,,,,,,,,,,,,,,,,,
,,,,,,,,,,,,,,,,,,,,,,,,,,,,,
,,,,,,,,,,,,,,,,,,,,,,,,,,,,,
,,,,,,,,,,,,,,,,,,,,,,,,,,,,,
,,,,,,,,,,,,,,,,,,,,,,,,,,,,,
,,,,,,,,,,,,,,,,,,,,,,,,,,,,,
,,,,,,,,,,,,,,,,,,,,,,,,,,,,,
,,,,,,,,,,,,,,,,,,,,,,,,,,,,,
,,,,,,,,,,,,,,,,,,,,,,,,,,,,,
,,,,,,,,,,,,,,,,,,,,,,,,,,,,,
,,,,,,,,,,,,,,,,,,,,,,,,,,,,,
,,,,,,,,,,,,,,,,,,,,,,,,,,,,,
,,,,,,,,,,,,,,,,,,,,,,,,,,,,,
,,,,,,,,,,,,,,,,,,,,,,,,,,,,,
,,,,,,,,,,,,,,,,,,,,,,,,,,,,,
,,,,,,,,,,,,,,,,,,,,,,,,,,,,,
,,,,,,,,,,,,,,,,,,,,,,,,,,,,,
,,,,,,,,,,,,,,,,,,,,,,,,,,,,,
,,,,,,,,,,,,,,,,,,,,,,,,,,,,,
,,,,,,,,,,,,,,,,,,,,,,,,,,,,,
,,,,,,,,,,,,,,,,,,,,,,,,,,,,,
,,,,,,,,,,,,,,,,,,,,,,,,,,,,,
,,,,,,,,,,,,,,,,,,,,,,,,,,,,,
,,,,,,,,,,,,,,,,,,,,,,,,,,,,,
,,,,,,,,,,,,,,,,,,,,,,,,,,,,,
,,,,,,,,,,,,,,,,,,,,,,,,,,,,,
,,,,,,,,,,,,,,,,,,,,,,,,,,,,,
,,,,,,,,,,,,,,,,,,,,,,,,,,,,,
,,,,,,,,,,,,,,,,,,,,,,,,,,,,,
,,,,,,,,,,,,,,,,,,,,,,,,,,,,,
,,,,,,,,,,,,,,,,,,,,,,,,,,,,,
,,,,,,,,,,,,,,,,,,,,,,,,,,,,,
,,,,,,,,,,,,,,,,,,,,,,,,,,,,,
,,,,,,,,,,,,,,,,,,,,,,,,,,,,,
,,,,,,,,,,,,,,,,,,,,,,,,,,,,,
,,,,,,,,,,,,,,,,,,,,,,,,,,,,,
,,,,,,,,,,,,,,,,,,,,,,,,,,,,,
,,,,,,,,,,,,,,,,,,,,,,,,,,,,,
,,,,,,,,,,,,,,,,,,,,,,,,,,,,,
,,,,,,,,,,,,,,,,,,,,,,,,,,,,,
,,,,,,,,,,,,,,,,,,,,,,,,,,,,,
,,,,,,,,,,,,,,,,,,,,,,,,,,,,,
,,,,,,,,,,,,,,,,,,,,,,,,,,,,,
,,,,,,,,,,,,,,,,,,,,,,,,,,,,,
,,,,,,,,,,,,,,,,,,,,,,,,,,,,,
,,,,,,,,,,,,,,,,,,,,,,,,,,,,,
,,,,,,,,,,,,,,,,,,,,,,,,,,,,,
,,,,,,,,,,,,,,,,,,,,,,,,,,,,,
,,,,,,,,,,,,,,,,,,,,,,,,,,,,,
,,,,,,,,,,,,,,,,,,,,,,,,,,,,,
,,,,,,,,,,,,,,,,,,,,,,,,,,,,,
,,,,,,,,,,,,,,,,,,,,,,,,,,,,,
,,,,,,,,,,,,,,,,,,,,,,,,,,,,,
,,,,,,,,,,,,,,,,,,,,,,,,,,,,,
,,,,,,,,,,,,,,,,,,,,,,,,,,,,,
,,,,,,,,,,,,,,,,,,,,,,,,,,,,,
,,,,,,,,,,,,,,,,,,,,,,,,,,,,,
,,,,,,,,,,,,,,,,,,,,,,,,,,,,,
,,,,,,,,,,,,,,,,,,,,,,,,,,,,,
,,,,,,,,,,,,,,,,,,,,,,,,,,,,,
,,,,,,,,,,,,,,,,,,,,,,,,,,,,,
,,,,,,,,,,,,,,,,,,,,,,,,,,,,,
,,,,,,,,,,,,,,,,,,,,,,,,,,,,,